000,0,2,3,0,3,0,1,0,2,1,0,0,0,0,0,0
000,0,0,0,4,3,0,1,0,2,1,0,0,0,0,0,0
000,0,0,3,0,0,4,1,0,2,1,0,0,0,0,0,0
000,0,0,0,4,0,4,1,0,2,1,0,0,0,0,0,0
000,0,0,3,0,3,0,0,2,2,1,0,0,0,0,0,0
000,0,0,0,4,3,0,0,2,2,1,0,0,0,0,0,0
000,0,0,3,0,0,4,0,2,2,1,0,0,0,0,0,0
000,1,0,0,4,0,4,0,2,2,1,0,0,0,0,0,0
000,0,2,0,0,3,0,1,0,0,1,4,0,0,0,0,0
000,0,0,0,4,3,0,1,0,0,1,4,0,0,0,0,0
000,0,2,0,0,0,4,1,0,0,1,4,0,0,0,0,0
000,0,0,3,0,0,4,1,0,0,1,4,0,0,0,0,0
000,0,0,0,0,3,4,1,0,0,1,4,0,0,0,0,0
000,0,0,0,0,3,0,0,2,0,1,4,0,0,0,0,0
000,1,0,0,0,0,4,0,2,0,1,4,0,0,0,0,0
000,0,0,3,0,0,4,0,2,0,1,4,0,0,0,0,0
000,0,0,0,0,0,4,1,2,0,1,4,0,0,0,0,0
000,0,0,0,0,0,4,1,0,2,1,4,0,0,0,0,0
000,0,2,0,0,3,0,1,0,2,0,0,3,0,0,0,0
000,0,0,0,4,3,0,1,0,2,0,0,3,0,0,0,0
000,0,0,0,0,0,4,1,0,2,0,0,3,0,0,0,0
000,1,0,0,0,3,0,0,2,2,0,0,3,0,0,0,0
000,0,0,0,4,3,0,0,2,2,0,0,3,0,0,0,0
000,1,0,0,0,0,4,0,2,2,0,0,3,0,0,0,0
000,0,0,3,0,0,4,0,2,2,0,0,3,0,0,0,0
000,0,0,0,0,3,4,0,2,2,0,0,3,0,0,0,0
000,0,0,0,0,3,0,1,2,2,0,0,3,0,0,0,0
000,0,0,0,0,3,0,0,2,2,1,0,3,0,0,0,0
000,0,2,0,0,3,0,1,0,0,0,4,3,0,0,0,0
000,1,0,0,4,3,0,1,0,0,0,4,3,0,0,0,0
000,1,0,0,0,0,4,1,0,0,0,4,3,0,0,0,0
000,0,2,0,0,0,4,1,0,0,0,4,3,0,0,0,0
000,1,0,0,0,3,0,0,2,0,0,4,3,0,0,0,0
000,0,2,0,0,3,0,0,2,0,0,4,3,0,0,0,0
000,1,0,0,0,0,4,0,2,0,0,4,3,0,0,0,0
000,0,2,3,0,0,4,0,2,0,0,4,3,0,0,0,0
000,0,0,0,0,3,0,0,2,2,0,4,3,0,0,0,0
000,0,0,0,0,0,4,1,0,0,1,4,3,0,0,0,0
000,0,2,3,0,0,0,1,0,0,1,0,0,4,0,0,0
000,0,2,0,4,0,0,1,0,0,1,0,0,4,0,0,0
000,0,0,3,4,0,0,1,0,0,1,0,0,4,0,0,0
000,0,0,0,4,3,0,1,0,0,1,0,0,4,0,0,0
000,0,0,3,0,0,4,1,0,0,1,0,0,4,0,0,0
000,1,0,3,0,0,0,0,2,0,1,0,0,4,0,0,0
000,0,2,3,0,0,0,0,2,0,1,0,0,4,0,0,0
000,1,0,0,4,0,0,0,2,0,1,0,0,4,0,0,0
000,0,0,3,4,0,0,0,2,0,1,0,0,4,0,0,0
000,0,0,3,0,3,0,0,2,0,1,0,0,4,0,0,0
000,0,0,0,4,3,0,0,2,0,1,0,0,4,0,0,0
000,0,0,3,0,0,4,0,2,0,1,0,0,4,0,0,0
000,0,0,3,0,0,0,1,2,0,1,0,0,4,0,0,0
000,0,0,0,4,0,0,1,2,0,1,0,0,4,0,0,0
000,0,0,0,4,0,0,1,0,2,1,0,0,4,0,0,0
000,0,0,3,0,0,0,0,2,2,1,0,0,4,0,0,0
000,0,2,0,0,0,0,1,0,0,1,4,0,4,0,0,0
000,1,0,0,0,0,0,0,2,0,1,4,0,4,0,0,0
000,0,0,3,0,0,0,0,2,0,1,4,0,4,0,0,0
000,0,0,0,0,0,0,1,2,0,1,4,0,4,0,0,0
000,0,2,0,0,0,0,1,0,0,0,0,3,4,0,0,0
000,1,0,0,4,0,0,1,0,0,0,0,3,4,0,0,0
000,1,0,0,0,0,4,1,0,0,0,0,3,4,0,0,0
000,1,0,0,0,0,0,0,2,0,0,0,3,4,0,0,0
000,0,2,3,0,0,0,0,2,0,0,0,3,4,0,0,0
000,0,2,0,0,3,0,0,2,0,0,0,3,4,0,0,0
000,0,0,0,4,0,0,1,0,2,0,0,3,4,0,0,0
000,0,0,3,0,0,0,0,2,2,0,0,3,4,0,0,0
000,0,0,0,0,3,0,0,2,2,0,0,3,4,0,0,0
000,0,0,0,0,0,0,1,2,2,0,0,3,4,0,0,0
000,0,0,0,4,0,0,1,0,0,1,0,3,4,0,0,0
000,0,0,0,0,0,4,1,0,0,1,0,3,4,0,0,0
000,0,0,3,0,0,0,0,2,0,1,0,3,4,0,0,0
000,0,0,0,0,3,0,0,2,0,1,0,3,4,0,0,0
000,0,0,0,0,0,0,1,2,0,1,0,3,4,0,0,0
000,0,2,3,0,0,0,1,0,2,0,0,0,0,3,0,0
000,1,0,0,4,0,0,1,0,2,0,0,0,0,3,0,0
000,0,2,0,4,0,0,1,0,2,0,0,0,0,3,0,0
000,0,0,3,4,0,0,1,0,2,0,0,0,0,3,0,0
000,0,0,0,4,3,0,1,0,2,0,0,0,0,3,0,0
000,0,0,3,0,0,4,1,0,2,0,0,0,0,3,0,0
000,0,0,0,4,0,4,1,0,2,0,0,0,0,3,0,0
000,1,0,3,0,0,0,0,2,2,0,0,0,0,3,0,0
000,1,0,0,4,0,0,0,2,2,0,0,0,0,3,0,0
000,0,0,3,4,0,0,0,2,2,0,0,0,0,3,0,0
000,0,0,0,4,3,0,0,2,2,0,0,0,0,3,0,0
000,0,0,3,0,0,4,0,2,2,0,0,0,0,3,0,0
000,0,0,3,0,0,0,1,2,2,0,0,0,0,3,0,0
000,0,0,0,4,0,0,1,2,2,0,0,0,0,3,0,0
000,0,0,0,4,0,0,1,0,2,1,0,0,0,3,0,0
000,0,0,3,0,0,0,0,2,2,1,0,0,0,3,0,0
000,0,2,0,0,0,0,1,0,0,0,4,0,0,3,0,0
000,1,0,0,4,0,0,1,0,0,0,4,0,0,3,0,0
000,1,0,0,0,0,4,1,0,0,0,4,0,0,3,0,0
000,1,0,0,0,0,0,0,2,0,0,4,0,0,3,0,0
000,0,2,3,0,0,0,0,2,0,0,4,0,0,3,0,0
000,0,2,0,0,3,0,0,2,0,0,4,0,0,3,0,0
000,0,0,0,4,0,0,1,0,2,0,4,0,0,3,0,0
000,0,0,0,0,0,4,1,0,2,0,4,0,0,3,0,0
000,0,0,3,0,0,0,0,2,2,0,4,0,0,3,0,0
000,0,0,0,0,3,0,0,2,2,0,4,0,0,3,0,0
000,0,0,0,0,0,0,1,2,2,0,4,0,0,3,0,0
000,0,0,0,4,0,0,1,0,0,1,4,0,0,3,0,0
000,0,0,0,0,0,4,1,0,0,1,4,0,0,3,0,0
000,0,0,3,0,0,0,0,2,0,1,4,0,0,3,0,0
000,0,0,0,0,0,0,1,2,0,1,4,0,0,3,0,0
000,0,2,0,0,0,0,1,0,2,0,0,3,0,3,0,0
000,0,0,0,4,0,0,1,0,2,0,0,3,0,3,0,0
000,1,0,0,0,0,0,0,2,2,0,0,3,0,3,0,0
000,0,0,0,0,0,0,1,2,2,0,0,3,0,3,0,0
000,0,2,3,0,0,0,1,0,0,0,0,0,4,3,0,0
000,1,0,0,4,0,0,1,0,0,0,0,0,4,3,0,0
000,0,2,0,4,0,0,1,0,0,0,0,0,4,3,0,0
000,1,0,3,0,0,4,1,0,0,0,0,0,4,3,0,0
000,1,0,3,0,0,0,0,2,0,0,0,0,4,3,0,0
000,0,2,3,0,0,0,0,2,0,0,0,0,4,3,0,0
000,1,0,0,4,0,0,0,2,0,0,0,0,4,3,0,0
000,0,2,0,4,3,0,0,2,0,0,0,0,4,3,0,0
000,0,0,0,4,0,0,1,0,2,0,0,0,4,3,0,0
000,0,0,3,0,0,0,0,2,2,0,0,0,4,3,0,0
000,0,0,0,4,0,0,1,0,0,1,0,0,4,3,0,0
000,0,0,3,0,0,0,0,2,0,1,0,0,4,3,0,0
000,0,2,3,0,3,0,0,0,0,1,0,0,0,0,2,0
000,0,0,0,4,3,0,0,0,0,1,0,0,0,0,2,0
000,0,0,3,0,0,4,0,0,0,1,0,0,0,0,2,0
000,1,0,0,4,0,4,0,0,0,1,0,0,0,0,2,0
000,0,0,0,4,0,4,1,0,0,1,0,0,0,0,2,0
000,0,0,3,0,3,0,0,2,0,1,0,0,0,0,2,0
000,0,2,0,0,3,0,0,0,0,1,4,0,0,0,2,0
000,1,0,0,0,0,4,0,0,0,1,4,0,0,0,2,0
000,0,0,0,0,3,4,0,0,0,1,4,0,0,0,2,0
000,0,0,0,0,0,4,1,0,0,1,4,0,0,0,2,0
000,1,2,0,0,3,0,0,0,0,0,0,3,0,0,2,0
000,1,0,0,4,3,0,0,0,0,0,0,3,0,0,2,0
000,0,2,0,4,3,0,0,0,0,0,0,3,0,0,2,0
000,1,2,0,0,0,4,0,0,0,0,0,3,0,0,2,0
000,1,0,3,0,0,4,0,0,0,0,0,3,0,0,2,0
000,0,2,3,0,0,4,0,0,0,0,0,3,0,0,2,0
000,1,0,0,4,0,4,0,0,0,0,0,3,0,0,2,0
000,1,0,0,0,3,4,0,0,0,0,0,3,0,0,2,0
000,0,2,0,0,3,4,0,0,0,0,0,3,0,0,2,0
000,0,2,0,0,3,0,1,0,0,0,0,3,0,0,2,0
000,1,0,0,0,0,4,1,0,0,0,0,3,0,0,2,0
000,0,2,0,0,0,4,1,0,0,0,0,3,0,0,2,0
000,1,0,0,0,3,0,0,2,0,0,0,3,0,0,2,0
000,1,0,0,0,0,4,0,2,0,0,0,3,0,0,2,0
000,0,0,0,4,3,0,0,0,2,0,0,3,0,0,2,0
000,1,0,0,0,0,4,0,0,2,0,0,3,0,0,2,0
000,0,0,3,0,0,4,0,0,2,0,0,3,0,0,2,0
000,0,0,0,0,3,4,0,0,2,0,0,3,0,0,2,0
000,0,2,0,0,3,0,0,0,0,1,0,3,0,0,2,0
000,1,0,0,0,0,4,0,0,0,1,0,3,0,0,2,0
000,0,0,0,0,3,4,0,0,0,1,0,3,0,0,2,0
000,0,0,0,0,0,4,1,0,0,1,0,3,0,0,2,0
000,0,0,0,0,3,0,0,2,0,1,0,3,0,0,2,0
000,0,2,0,0,3,0,0,0,0,0,4,3,0,0,2,0
000,1,0,0,0,0,4,0,0,0,0,4,3,0,0,2,0
000,0,2,3,0,0,0,0,0,0,1,0,0,4,0,2,0
000,1,0,0,4,0,0,0,0,0,1,0,0,4,0,2,0
000,0,0,3,4,0,0,0,0,0,1,0,0,4,0,2,0
000,0,0,0,4,0,0,1,0,0,1,0,0,4,0,2,0
000,0,0,3,0,0,0,0,2,0,1,0,0,4,0,2,0
000,1,2,0,0,0,0,0,0,0,1,4,0,4,0,2,0
000,1,2,0,0,0,0,0,0,0,0,0,3,4,0,2,0
000,0,2,3,0,0,0,0,0,0,0,0,3,4,0,2,0
000,1,0,0,4,0,0,0,0,0,0,0,3,4,0,2,0
000,0,2,0,0,3,0,0,0,0,0,0,3,4,0,2,0
000,1,0,0,0,0,4,0,0,0,0,0,3,4,0,2,0
000,0,0,3,4,0,0,0,0,2,0,0,3,4,0,2,0
000,1,2,3,0,0,0,0,0,0,0,0,0,0,3,2,0
000,1,0,0,4,0,0,0,0,0,0,0,0,0,3,2,0
000,0,2,3,4,0,0,0,0,0,0,0,0,0,3,2,0
000,0,2,0,4,3,0,0,0,0,0,0,0,0,3,2,0
000,1,0,3,0,0,4,0,0,0,0,0,0,0,3,2,0
000,0,2,3,0,0,4,0,0,0,0,0,0,0,3,2,0
000,0,2,3,0,0,0,1,0,0,0,0,0,0,3,2,0
000,0,2,0,4,0,0,1,0,0,0,0,0,0,3,2,0
000,1,0,3,0,0,0,0,2,0,0,0,0,0,3,2,0
000,0,0,3,4,0,0,0,0,2,0,0,0,0,3,2,0
000,0,0,0,4,3,0,0,0,2,0,0,0,0,3,2,0
000,0,0,3,0,0,4,0,0,2,0,0,0,0,3,2,0
000,0,0,0,4,0,0,1,0,2,0,0,0,0,3,2,0
000,0,2,3,0,0,0,0,0,0,1,0,0,0,3,2,0
000,0,0,3,4,0,0,0,0,0,1,0,0,0,3,2,0
000,0,0,0,4,0,0,1,0,0,1,0,0,0,3,2,0
000,0,0,3,0,0,0,0,2,0,1,0,0,0,3,2,0
000,1,2,0,0,0,0,0,0,0,0,4,0,0,3,2,0
000,0,2,3,0,0,0,0,0,0,0,4,0,0,3,2,0
000,0,2,0,0,3,0,0,0,0,0,4,0,0,3,2,0
000,1,0,0,0,0,4,0,0,0,0,4,0,0,3,2,0
000,0,0,0,0,3,4,0,0,2,0,4,0,0,3,2,0
000,1,2,0,0,0,0,0,0,0,0,0,3,0,3,2,0
000,1,0,0,0,0,4,0,0,0,0,0,3,0,3,2,0
000,0,2,0,0,0,0,1,0,0,0,0,3,0,3,2,0
000,1,0,0,0,0,0,0,2,0,0,0,3,0,3,2,0
000,0,0,0,0,0,0,1,2,0,1,0,3,0,3,2,0
000,0,2,3,0,0,0,0,0,0,0,0,0,4,3,2,0
000,0,2,3,0,3,0,0,0,2,0,0,0,0,0,0,1
000,0,0,0,4,3,0,0,0,2,0,0,0,0,0,0,1
000,0,0,3,0,0,4,0,0,2,0,0,0,0,0,0,1
000,1,0,0,4,0,4,0,0,2,0,0,0,0,0,0,1
000,0,0,0,4,0,4,1,0,2,0,0,0,0,0,0,1
000,0,0,3,0,3,0,0,2,2,0,0,0,0,0,0,1
000,1,2,0,0,3,0,0,0,0,0,4,0,0,0,0,1
000,0,2,3,0,3,0,0,0,0,0,4,0,0,0,0,1
000,1,0,0,4,3,0,0,0,0,0,4,0,0,0,0,1
000,0,2,0,4,3,0,0,0,0,0,4,0,0,0,0,1
000,1,2,0,0,0,4,0,0,0,0,4,0,0,0,0,1
000,1,0,3,0,0,4,0,0,0,0,4,0,0,0,0,1
000,0,2,3,0,0,4,0,0,0,0,4,0,0,0,0,1
000,1,0,0,0,3,4,0,0,0,0,4,0,0,0,0,1
000,0,2,0,0,3,4,0,0,0,0,4,0,0,0,0,1
000,0,2,0,0,3,0,1,0,0,0,4,0,0,0,0,1
000,0,2,0,0,0,4,1,0,0,0,4,0,0,0,0,1
000,1,0,0,0,3,0,0,2,0,0,4,0,0,0,0,1
000,0,2,0,0,3,0,0,2,0,0,4,0,0,0,0,1
000,1,0,0,0,0,4,0,2,0,0,4,0,0,0,0,1
000,0,2,0,0,3,0,0,0,2,0,4,0,0,0,0,1
000,1,0,0,0,0,4,0,0,2,0,4,0,0,0,0,1
000,0,0,0,0,3,4,0,0,2,0,4,0,0,0,0,1
000,0,0,0,0,0,4,1,0,2,0,4,0,0,0,0,1
000,0,0,0,0,3,0,0,2,2,0,4,0,0,0,0,1
000,0,2,0,0,3,0,0,0,0,1,4,0,0,0,0,1
000,0,0,0,4,3,0,0,0,0,1,4,0,0,0,0,1
000,0,0,3,0,0,4,0,0,0,1,4,0,0,0,0,1
000,0,0,0,0,3,4,0,0,0,1,4,0,0,0,0,1
000,0,2,0,0,3,0,0,0,2,0,0,3,0,0,0,1
000,1,0,0,0,0,4,0,0,2,0,0,3,0,0,0,1
000,0,0,0,0,3,4,0,0,2,0,0,3,0,0,0,1
000,0,0,0,0,3,0,0,2,2,0,0,3,0,0,0,1
000,0,2,0,0,3,0,0,0,0,0,4,3,0,0,0,1
000,1,0,0,0,0,4,0,0,0,0,4,3,0,0,0,1
000,0,2,3,0,0,0,0,0,0,0,0,0,4,0,0,1
000,1,2,0,4,0,0,0,0,0,0,0,0,4,0,0,1
000,1,0,3,4,0,0,0,0,0,0,0,0,4,0,0,1
000,1,0,0,4,3,0,0,0,0,0,0,0,4,0,0,1
000,0,2,0,4,3,0,0,0,0,0,0,0,4,0,0,1
000,1,0,3,0,0,4,0,0,0,0,0,0,4,0,0,1
000,0,2,0,4,0,0,1,0,0,0,0,0,4,0,0,1
000,1,0,3,0,0,0,0,2,0,0,0,0,4,0,0,1
000,1,0,0,4,0,0,0,2,0,0,0,0,4,0,0,1
000,1,0,0,4,0,0,0,0,2,0,0,0,4,0,0,1
000,0,0,3,4,0,0,0,0,2,0,0,0,4,0,0,1
000,0,0,0,4,0,0,1,0,2,0,0,0,4,0,0,1
000,0,0,3,0,0,0,0,2,2,0,0,0,4,0,0,1
000,0,0,3,4,0,0,0,0,0,1,0,0,4,0,0,1
000,0,0,0,4,3,0,0,0,0,1,0,0,4,0,0,1
000,0,0,3,0,0,4,0,0,0,1,0,0,4,0,0,1
000,0,0,3,0,0,0,0,2,0,1,0,0,4,0,0,1
000,1,2,0,0,0,0,0,0,0,0,4,0,4,0,0,1
000,0,2,0,0,3,0,0,0,0,0,4,0,4,0,0,1
000,0,2,0,0,0,0,1,0,0,0,4,0,4,0,0,1
000,1,0,0,0,0,0,0,2,0,0,4,0,4,0,0,1
000,0,0,0,0,0,0,1,2,2,0,4,0,4,0,0,1
000,1,2,0,0,0,0,0,0,0,0,0,3,4,0,0,1
000,1,0,0,4,0,0,0,0,0,0,0,3,4,0,0,1
000,0,2,0,0,3,0,0,0,0,0,0,3,4,0,0,1
000,1,0,0,0,0,4,0,0,0,0,0,3,4,0,0,1
000,0,0,0,0,3,4,0,0,0,1,0,3,4,0,0,1
000,0,2,3,0,0,0,0,0,2,0,0,0,0,3,0,1
000,1,0,0,4,0,0,0,0,2,0,0,0,0,3,0,1
000,0,0,3,4,0,0,0,0,2,0,0,0,0,3,0,1
000,0,0,0,4,0,0,1,0,2,0,0,0,0,3,0,1
000,0,0,3,0,0,0,0,2,2,0,0,0,0,3,0,1
000,1,2,0,0,0,0,0,0,0,0,4,0,0,3,0,1
000,0,2,3,0,0,0,0,0,0,0,4,0,0,3,0,1
000,1,0,0,4,0,0,0,0,0,0,4,0,0,3,0,1
000,0,2,0,0,3,0,0,0,0,0,4,0,0,3,0,1
000,1,0,0,0,0,4,0,0,0,0,4,0,0,3,0,1
000,0,0,3,4,0,0,0,0,0,1,4,0,0,3,0,1
000,1,2,0,0,0,0,0,0,2,0,0,3,0,3,0,1
000,1,0,0,4,0,0,0,0,0,0,0,0,4,3,0,1
000,0,2,3,0,3,0,0,0,0,0,0,0,0,0,2,1
000,1,0,0,4,3,0,0,0,0,0,0,0,0,0,2,1
000,0,2,0,4,3,0,0,0,0,0,0,0,0,0,2,1
000,1,0,3,0,0,4,0,0,0,0,0,0,0,0,2,1
000,0,2,3,0,0,4,0,0,0,0,0,0,0,0,2,1
000,1,0,0,4,0,4,0,0,0,0,0,0,0,0,2,1
000,0,2,0,4,0,4,1,0,0,0,0,0,0,0,2,1
000,1,0,3,0,3,0,0,2,0,0,0,0,0,0,2,1
000,0,2,0,0,3,0,0,0,0,0,4,0,0,0,2,1
000,1,0,0,0,0,4,0,0,0,0,4,0,0,0,2,1
000,0,2,0,0,3,0,0,0,0,0,0,3,0,0,2,1
000,1,0,0,0,0,4,0,0,0,0,0,3,0,0,2,1
000,1,0,0,4,0,0,0,0,0,0,0,0,4,0,2,1
000,0,2,3,0,0,0,0,0,0,0,0,0,0,3,2,1
001,1,2,3,0,0,0,0,0,2,3,0,0,0,0,0,0
001,1,0,0,4,0,0,0,0,2,3,0,0,0,0,0,0
001,0,0,3,4,0,0,0,0,2,3,0,0,0,0,0,0
001,0,0,0,4,3,0,0,0,2,3,0,0,0,0,0,0
001,0,0,3,0,0,4,0,0,2,3,0,0,0,0,0,0
001,0,2,0,0,0,0,1,0,2,3,0,0,0,0,0,0
001,0,0,0,0,0,4,1,0,2,3,0,0,0,0,0,0
001,1,0,0,0,0,0,0,2,2,3,0,0,0,0,0,0
001,0,0,0,0,3,4,0,2,2,3,0,0,0,0,0,0
001,0,0,0,0,0,0,1,2,2,3,0,0,0,0,0,0
001,1,2,0,0,0,0,0,0,0,3,4,0,0,0,0,0
001,1,0,0,4,0,0,0,0,0,3,4,0,0,0,0,0
001,0,2,3,4,0,0,0,0,0,3,4,0,0,0,0,0
001,0,2,0,4,3,0,0,0,0,3,4,0,0,0,0,0
001,1,0,0,0,0,4,0,0,0,3,4,0,0,0,0,0
001,0,2,3,0,0,4,0,0,0,3,4,0,0,0,0,0
001,0,2,0,0,3,4,0,0,0,3,4,0,0,0,0,0
001,0,2,0,0,0,0,1,0,0,3,4,0,0,0,0,0
001,0,0,3,4,0,0,1,0,0,3,4,0,0,0,0,0
001,0,0,0,4,3,0,1,0,0,3,4,0,0,0,0,0
001,0,0,3,0,0,4,1,0,0,3,4,0,0,0,0,0
001,0,0,0,0,3,4,1,0,0,3,4,0,0,0,0,0
001,1,0,0,0,0,0,0,2,0,3,4,0,0,0,0,0
001,0,0,3,0,0,0,0,2,0,3,4,0,0,0,0,0
001,0,0,0,0,3,0,0,2,0,3,4,0,0,0,0,0
001,0,0,0,0,0,0,1,2,0,3,4,0,0,0,0,0
001,0,2,3,0,0,0,0,0,2,3,4,0,0,0,0,0
001,0,0,0,0,3,4,0,0,2,3,4,0,0,0,0,0
001,0,2,3,0,0,0,0,0,2,0,0,1,0,0,0,0
001,1,2,0,4,0,0,0,0,2,0,0,1,0,0,0,0
001,0,0,3,4,0,0,0,0,2,0,0,1,0,0,0,0
001,1,2,0,0,3,0,0,0,2,0,0,1,0,0,0,0
001,0,0,0,4,3,0,0,0,2,0,0,1,0,0,0,0
001,1,0,0,0,0,4,0,0,2,0,0,1,0,0,0,0
001,0,0,3,0,0,4,0,0,2,0,0,1,0,0,0,0
001,0,0,0,0,3,4,0,0,2,0,0,1,0,0,0,0
001,0,2,0,4,0,0,1,0,2,0,0,1,0,0,0,0
001,0,2,0,0,3,0,1,0,2,0,0,1,0,0,0,0
001,0,0,0,0,0,4,1,0,2,0,0,1,0,0,0,0
001,0,0,3,0,0,0,0,2,2,0,0,1,0,0,0,0
001,1,0,0,4,0,0,0,2,2,0,0,1,0,0,0,0
001,1,0,0,0,3,0,0,2,2,0,0,1,0,0,0,0
001,0,0,0,4,0,0,1,2,2,0,0,1,0,0,0,0
001,0,0,0,0,3,0,1,2,2,0,0,1,0,0,0,0
001,1,2,0,0,0,0,0,0,2,3,0,1,0,0,0,0
001,0,0,0,0,3,0,0,2,2,3,0,1,0,0,0,0
001,1,2,0,0,0,0,0,0,0,0,4,1,0,0,0,0
001,0,2,3,0,0,0,0,0,0,0,4,1,0,0,0,0
001,1,0,3,4,0,0,0,0,0,0,4,1,0,0,0,0
001,0,0,0,4,3,0,0,0,0,0,4,1,0,0,0,0
001,0,0,3,0,0,4,0,0,0,0,4,1,0,0,0,0
001,0,0,0,0,3,4,0,0,0,0,4,1,0,0,0,0
001,0,2,0,0,0,0,1,0,0,0,4,1,0,0,0,0
001,1,0,0,0,0,0,0,2,0,0,4,1,0,0,0,0
001,0,0,0,0,3,0,0,2,0,0,4,1,0,0,0,0
001,0,0,0,0,0,4,1,2,0,0,4,1,0,0,0,0
001,1,0,0,4,0,0,0,0,2,0,4,1,0,0,0,0
001,0,0,0,0,0,0,1,2,2,0,4,1,0,0,0,0
001,0,0,3,4,0,0,0,0,0,3,4,1,0,0,0,0
001,0,0,0,0,0,4,1,0,0,3,4,1,0,0,0,0
001,0,2,3,0,0,0,0,0,0,3,0,0,4,0,0,0
001,1,0,0,4,0,0,0,0,0,3,0,0,4,0,0,0
001,0,2,0,4,3,0,0,0,0,3,0,0,4,0,0,0
001,1,0,3,0,0,4,0,0,0,3,0,0,4,0,0,0
001,0,2,0,0,0,0,1,0,0,3,0,0,4,0,0,0
001,0,0,3,4,0,0,1,0,0,3,0,0,4,0,0,0
001,0,0,0,4,3,0,1,0,0,3,0,0,4,0,0,0
001,1,0,0,0,0,4,1,0,0,3,0,0,4,0,0,0
001,0,0,3,0,0,4,1,0,0,3,0,0,4,0,0,0
001,1,0,0,0,0,0,0,2,0,3,0,0,4,0,0,0
001,0,0,3,4,0,0,0,2,0,3,0,0,4,0,0,0
001,0,2,0,0,3,0,0,2,0,3,0,0,4,0,0,0
001,0,0,0,4,3,0,0,2,0,3,0,0,4,0,0,0
001,0,0,3,0,0,4,0,2,0,3,0,0,4,0,0,0
001,0,0,3,0,0,0,1,2,0,3,0,0,4,0,0,0
001,0,0,0,4,0,0,1,2,0,3,0,0,4,0,0,0
001,0,0,0,4,0,0,1,0,2,3,0,0,4,0,0,0
001,0,0,3,0,0,0,0,2,2,3,0,0,4,0,0,0
001,0,0,0,0,3,0,0,2,2,3,0,0,4,0,0,0
001,0,2,0,0,3,0,0,0,0,3,4,0,4,0,0,0
001,1,2,0,0,0,0,0,0,0,0,0,1,4,0,0,0
001,0,2,3,0,0,0,0,0,0,0,0,1,4,0,0,0
001,0,0,3,4,0,0,0,0,0,0,0,1,4,0,0,0
001,0,2,0,0,3,0,0,0,0,0,0,1,4,0,0,0
001,0,0,0,4,3,0,0,0,0,0,0,1,4,0,0,0
001,0,0,3,0,0,4,0,0,0,0,0,1,4,0,0,0
001,0,0,0,0,3,4,0,0,0,0,0,1,4,0,0,0
001,0,2,0,0,0,0,1,0,0,0,0,1,4,0,0,0
001,1,0,0,0,0,0,0,2,0,0,0,1,4,0,0,0
001,0,0,3,0,0,0,0,2,0,0,0,1,4,0,0,0
001,0,0,0,0,3,0,0,2,0,0,0,1,4,0,0,0
001,0,0,0,0,0,0,1,2,0,0,0,1,4,0,0,0
001,1,0,0,4,0,0,0,0,2,0,0,1,4,0,0,0
001,0,0,0,4,0,0,1,0,2,0,0,1,4,0,0,0
001,1,0,0,0,0,4,0,0,0,3,0,1,4,0,0,0
001,0,0,0,4,0,0,1,0,0,3,0,1,4,0,0,0
001,0,0,0,0,0,4,1,0,0,3,0,1,4,0,0,0
001,0,2,3,0,3,0,0,0,2,0,0,0,0,1,0,0
001,0,0,0,4,3,0,0,0,2,0,0,0,0,1,0,0
001,0,0,3,0,0,4,0,0,2,0,0,0,0,1,0,0
001,1,0,0,4,0,4,0,0,2,0,0,0,0,1,0,0
001,0,2,3,0,0,0,1,0,2,0,0,0,0,1,0,0
001,0,2,0,4,0,0,1,0,2,0,0,0,0,1,0,0
001,0,0,3,4,0,0,1,0,2,0,0,0,0,1,0,0
001,0,2,0,0,3,0,1,0,2,0,0,0,0,1,0,0
001,0,0,0,0,0,4,1,0,2,0,0,0,0,1,0,0
001,1,0,3,0,0,0,0,2,2,0,0,0,0,1,0,0
001,1,0,0,4,0,0,0,2,2,0,0,0,0,1,0,0
001,0,0,3,4,0,0,0,2,2,0,0,0,0,1,0,0
001,0,0,0,0,3,0,0,2,2,0,0,0,0,1,0,0
001,1,0,0,0,0,4,0,2,2,0,0,0,0,1,0,0
001,0,0,3,0,0,0,1,2,2,0,0,0,0,1,0,0
001,0,0,0,4,0,0,1,2,2,0,0,0,0,1,0,0
001,0,2,3,0,0,0,0,0,2,3,0,0,0,1,0,0
001,0,0,0,4,0,0,1,0,2,3,0,0,0,1,0,0
001,0,0,3,0,0,0,0,2,2,3,0,0,0,1,0,0
001,1,2,0,0,0,0,0,0,0,0,4,0,0,1,0,0
001,0,2,3,0,0,0,0,0,0,0,4,0,0,1,0,0
001,0,0,3,4,0,0,0,0,0,0,4,0,0,1,0,0
001,0,2,0,0,3,0,0,0,0,0,4,0,0,1,0,0
001,0,0,0,4,3,0,0,0,0,0,4,0,0,1,0,0
001,0,0,3,0,0,4,0,0,0,0,4,0,0,1,0,0
001,0,0,0,0,3,4,0,0,0,0,4,0,0,1,0,0
001,0,2,0,0,0,0,1,0,0,0,4,0,0,1,0,0
001,1,0,0,0,0,0,0,2,0,0,4,0,0,1,0,0
001,0,0,3,0,0,0,0,2,0,0,4,0,0,1,0,0
001,0,0,0,0,3,0,0,2,0,0,4,0,0,1,0,0
001,0,0,0,0,0,0,1,2,0,0,4,0,0,1,0,0
001,1,0,0,4,0,0,0,0,2,0,4,0,0,1,0,0
001,1,0,0,0,0,4,0,0,2,0,4,0,0,1,0,0
001,0,0,0,4,0,0,1,0,2,0,4,0,0,1,0,0
001,0,0,0,4,0,0,1,0,0,3,4,0,0,1,0,0
001,0,0,0,0,0,4,1,0,0,3,4,0,0,1,0,0
001,0,2,0,0,3,0,0,0,2,0,0,1,0,1,0,0
001,0,2,3,0,0,0,0,0,0,0,0,0,4,1,0,0
001,1,2,0,4,0,0,0,0,0,0,0,0,4,1,0,0
001,0,0,3,4,0,0,0,0,0,0,0,0,4,1,0,0
001,0,0,0,4,3,0,0,0,0,0,0,0,4,1,0,0
001,0,0,3,0,0,4,0,0,0,0,0,0,4,1,0,0
001,0,2,0,0,0,0,1,0,0,0,0,0,4,1,0,0
001,0,0,0,0,3,4,1,0,0,0,0,0,4,1,0,0
001,1,0,0,0,0,0,0,2,0,0,0,0,4,1,0,0
001,0,0,0,0,3,0,0,2,0,0,0,0,4,1,0,0
001,0,0,0,0,0,0,1,2,0,0,0,0,4,1,0,0
001,1,0,0,4,0,0,0,0,2,0,0,0,4,1,0,0
001,0,0,0,4,0,0,1,0,2,0,0,0,4,1,0,0
001,0,0,3,0,0,0,0,2,2,0,0,0,4,1,0,0
001,0,0,0,4,0,0,1,0,0,3,0,0,4,1,0,0
001,0,0,0,0,0,4,1,0,0,3,0,0,4,1,0,0
001,0,0,3,0,0,0,0,2,0,3,0,0,4,1,0,0
001,1,2,0,0,0,0,0,0,0,3,0,0,0,0,2,0
001,1,0,0,4,0,0,0,0,0,3,0,0,0,0,2,0
001,0,0,3,4,0,0,0,0,0,3,0,0,0,0,2,0
001,0,0,0,4,3,0,0,0,0,3,0,0,0,0,2,0
001,1,0,0,0,0,4,0,0,0,3,0,0,0,0,2,0
001,0,0,3,0,0,4,0,0,0,3,0,0,0,0,2,0
001,0,0,0,0,3,4,0,0,0,3,0,0,0,0,2,0
001,0,2,0,0,0,0,1,0,0,3,0,0,0,0,2,0
001,0,0,0,4,0,0,1,0,0,3,0,0,0,0,2,0
001,0,0,0,0,0,4,1,0,0,3,0,0,0,0,2,0
001,1,0,0,0,0,0,0,2,0,3,0,0,0,0,2,0
001,0,0,0,0,0,0,1,2,0,3,0,0,0,0,2,0
001,0,2,3,0,0,0,0,0,0,3,4,0,0,0,2,0
001,0,2,0,0,3,0,0,0,0,3,4,0,0,0,2,0
001,0,2,3,0,0,0,0,0,0,0,0,1,0,0,2,0
001,1,0,0,4,0,0,0,0,0,0,0,1,0,0,2,0
001,1,2,0,0,3,0,0,0,0,0,0,1,0,0,2,0
001,0,0,0,4,3,0,0,0,0,0,0,1,0,0,2,0
001,1,2,0,0,0,4,0,0,0,0,0,1,0,0,2,0
001,0,0,3,0,0,4,0,0,0,0,0,1,0,0,2,0
001,1,0,0,0,3,4,0,0,0,0,0,1,0,0,2,0
001,0,2,0,0,3,4,0,0,0,0,0,1,0,0,2,0
001,0,2,0,4,0,0,1,0,0,0,0,1,0,0,2,0
001,0,2,0,0,3,0,1,0,0,0,0,1,0,0,2,0
001,0,2,0,0,0,4,1,0,0,0,0,1,0,0,2,0
001,0,0,0,4,0,4,1,0,0,0,0,1,0,0,2,0
001,1,0,3,0,0,0,0,2,0,0,0,1,0,0,2,0
001,1,0,0,0,3,0,0,2,0,0,0,1,0,0,2,0
001,0,0,3,0,3,0,0,2,0,0,0,1,0,0,2,0
001,1,0,0,0,0,4,0,2,0,0,0,1,0,0,2,0
001,0,0,0,4,0,0,1,0,2,0,0,1,0,0,2,0
001,0,2,0,0,3,0,0,0,0,3,0,1,0,0,2,0
001,0,0,3,0,0,0,0,2,0,3,0,1,0,0,2,0
001,0,0,0,0,3,0,0,2,0,3,0,1,0,0,2,0
001,0,2,0,0,3,0,0,0,0,0,4,1,0,0,2,0
001,1,0,0,0,0,4,0,0,0,0,4,1,0,0,2,0
001,0,0,0,0,0,4,1,0,0,0,4,1,0,0,2,0
001,0,2,0,0,3,0,0,0,0,3,0,0,4,0,2,0
001,0,0,3,0,0,0,0,2,0,3,0,0,4,0,2,0
001,0,0,0,0,3,0,0,2,0,3,0,0,4,0,2,0
001,1,0,0,0,0,4,0,0,0,0,0,1,4,0,2,0
001,0,0,0,4,0,0,1,0,0,0,0,1,4,0,2,0
001,0,0,0,0,0,4,1,0,0,0,0,1,4,0,2,0
001,1,2,3,0,0,0,0,0,0,0,0,0,0,1,2,0
001,1,0,0,4,0,0,0,0,0,0,0,0,0,1,2,0
001,0,0,3,4,0,0,0,0,0,0,0,0,0,1,2,0
001,0,2,0,0,3,0,0,0,0,0,0,0,0,1,2,0
001,0,0,0,4,3,0,0,0,0,0,0,0,0,1,2,0
001,1,2,0,0,0,4,0,0,0,0,0,0,0,1,2,0
001,0,0,3,0,0,4,0,0,0,0,0,0,0,1,2,0
001,0,0,0,0,3,4,0,0,0,0,0,0,0,1,2,0
001,0,2,3,0,0,0,1,0,0,0,0,0,0,1,2,0
001,0,0,0,4,0,0,1,0,0,0,0,0,0,1,2,0
001,0,2,0,0,0,4,1,0,0,0,0,0,0,1,2,0
001,1,0,3,0,0,0,0,2,0,0,0,0,0,1,2,0
001,0,0,0,0,3,0,0,2,0,0,0,0,0,1,2,0
001,1,0,0,0,0,4,0,2,0,0,0,0,0,1,2,0
001,0,0,3,0,0,0,1,2,0,0,0,0,0,1,2,0
001,0,0,0,0,0,4,1,2,0,0,0,0,0,1,2,0
001,1,0,0,0,0,4,0,0,2,0,0,0,0,1,2,0
001,0,2,3,0,0,0,0,0,0,3,0,0,0,1,2,0
001,0,0,3,0,0,0,0,2,0,3,0,0,0,1,2,0
001,1,0,0,0,0,4,0,0,0,0,4,0,0,1,2,0
001,0,0,0,0,0,4,1,0,0,0,4,0,0,1,2,0
001,0,0,3,0,0,0,0,2,0,0,0,1,0,1,2,0
001,1,2,0,0,0,0,0,0,0,0,0,0,4,1,2,0
001,0,0,0,0,0,4,1,0,0,0,0,0,4,1,2,0
001,1,2,0,0,0,0,0,0,2,0,0,0,0,0,0,3
001,1,0,0,4,0,0,0,0,2,0,0,0,0,0,0,3
001,0,0,3,4,0,0,0,0,2,0,0,0,0,0,0,3
001,0,0,0,4,3,0,0,0,2,0,0,0,0,0,0,3
001,1,0,0,0,0,4,0,0,2,0,0,0,0,0,0,3
001,0,0,3,0,0,4,0,0,2,0,0,0,0,0,0,3
001,0,0,0,0,3,4,0,0,2,0,0,0,0,0,0,3
001,0,2,0,0,0,0,1,0,2,0,0,0,0,0,0,3
001,0,0,0,4,0,0,1,0,2,0,0,0,0,0,0,3
001,0,0,0,0,0,4,1,0,2,0,0,0,0,0,0,3
001,1,0,0,0,0,0,0,2,2,0,0,0,0,0,0,3
001,0,0,0,0,0,0,1,2,2,0,0,0,0,0,0,3
001,1,2,0,0,3,0,0,0,0,0,4,0,0,0,0,3
001,1,0,0,4,3,0,0,0,0,0,4,0,0,0,0,3
001,0,2,0,4,3,0,0,0,0,0,4,0,0,0,0,3
001,1,2,0,0,0,4,0,0,0,0,4,0,0,0,0,3
001,1,0,3,0,0,4,0,0,0,0,4,0,0,0,0,3
001,0,2,3,0,0,4,0,0,0,0,4,0,0,0,0,3
001,1,0,0,0,3,4,0,0,0,0,4,0,0,0,0,3
001,0,2,0,0,3,4,0,0,0,0,4,0,0,0,0,3
001,0,2,0,0,0,0,1,0,0,0,4,0,0,0,0,3
001,1,0,0,4,0,0,1,0,0,0,4,0,0,0,0,3
001,0,0,0,4,3,0,1,0,0,0,4,0,0,0,0,3
001,0,0,0,0,0,4,1,0,0,0,4,0,0,0,0,3
001,1,0,0,0,0,0,0,2,0,0,4,0,0,0,0,3
001,0,2,3,0,0,0,0,2,0,0,4,0,0,0,0,3
001,0,0,0,0,3,0,0,2,0,0,4,0,0,0,0,3
001,0,0,3,0,0,4,0,2,0,0,4,0,0,0,0,3
001,0,2,3,0,0,0,0,0,2,0,4,0,0,0,0,3
001,0,2,0,0,3,0,0,0,2,0,4,0,0,0,0,3
001,0,0,3,0,0,0,0,2,2,0,4,0,0,0,0,3
001,0,0,0,4,0,0,1,0,0,3,4,0,0,0,0,3
001,0,2,0,0,3,0,0,0,2,0,0,1,0,0,0,3
001,0,0,0,0,3,0,0,2,2,0,0,1,0,0,0,3
001,1,0,0,4,0,0,0,0,0,0,4,1,0,0,0,3
001,0,2,0,0,3,0,0,0,0,0,4,1,0,0,0,3
001,1,0,0,0,0,4,0,0,0,0,4,1,0,0,0,3
001,1,2,0,0,0,0,0,0,0,0,0,0,4,0,0,3
001,0,2,3,0,0,0,0,0,0,0,0,0,4,0,0,3
001,1,0,3,4,0,0,0,0,0,0,0,0,4,0,0,3
001,0,2,0,0,3,0,0,0,0,0,0,0,4,0,0,3
001,1,0,0,4,3,0,0,0,0,0,0,0,4,0,0,3
001,1,0,3,0,0,4,0,0,0,0,0,0,4,0,0,3
001,1,0,0,0,3,4,0,0,0,0,0,0,4,0,0,3
001,0,2,0,0,0,0,1,0,0,0,0,0,4,0,0,3
001,0,0,0,4,0,0,1,0,0,0,0,0,4,0,0,3
001,0,0,0,0,0,4,1,0,0,0,0,0,4,0,0,3
001,1,0,0,0,0,0,0,2,0,0,0,0,4,0,0,3
001,0,0,3,4,0,0,0,2,0,0,0,0,4,0,0,3
001,0,0,0,4,3,0,0,2,0,0,0,0,4,0,0,3
001,0,0,3,0,0,4,0,2,0,0,0,0,4,0,0,3
001,0,0,0,0,3,4,0,2,0,0,0,0,4,0,0,3
001,0,0,0,0,0,0,1,2,0,0,0,0,4,0,0,3
001,0,0,3,0,0,0,0,2,2,0,0,0,4,0,0,3
001,0,0,0,0,3,0,0,2,2,0,0,0,4,0,0,3
001,1,0,0,0,0,4,0,0,0,3,0,0,4,0,0,3
001,0,0,3,0,0,0,0,2,0,0,4,0,4,0,0,3
001,1,0,0,4,0,0,0,0,0,0,0,1,4,0,0,3
001,1,0,0,0,0,4,0,0,0,0,0,1,4,0,0,3
001,0,2,3,0,0,0,0,0,2,0,0,0,0,1,0,3
001,0,2,0,0,3,0,0,0,2,0,0,0,0,1,0,3
001,0,0,3,0,0,0,0,2,2,0,0,0,0,1,0,3
001,1,0,0,4,0,0,0,0,0,0,4,0,0,1,0,3
001,1,0,0,0,0,4,0,0,0,0,4,0,0,1,0,3
001,0,0,0,4,0,0,1,0,0,0,4,0,0,1,0,3
001,1,0,0,4,0,0,0,0,0,0,0,0,4,1,0,3
001,0,0,0,0,3,4,0,0,0,0,0,0,4,1,0,3
001,1,2,0,0,0,0,0,0,0,0,0,0,0,0,2,3
001,1,0,0,4,0,0,0,0,0,0,0,0,0,0,2,3
001,0,2,3,4,0,0,0,0,0,0,0,0,0,0,2,3
001,0,0,0,4,3,0,0,0,0,0,0,0,0,0,2,3
001,0,0,3,0,0,4,0,0,0,0,0,0,0,0,2,3
001,0,0,0,0,3,4,0,0,0,0,0,0,0,0,2,3
001,0,2,0,0,0,0,1,0,0,0,0,0,0,0,2,3
001,0,0,0,0,0,4,1,0,0,0,0,0,0,0,2,3
001,1,0,0,0,0,0,0,2,0,0,0,0,0,0,2,3
001,0,0,0,0,3,0,1,2,0,0,0,0,0,0,2,3
001,0,2,3,0,0,0,0,0,0,0,4,0,0,0,2,3
001,0,2,0,0,3,0,0,0,0,0,4,0,0,0,2,3
001,1,0,0,0,0,4,0,0,0,0,4,0,0,0,2,3
001,0,2,0,0,3,0,0,0,0,0,0,1,0,0,2,3
001,1,0,0,0,0,4,0,0,0,0,0,1,0,0,2,3
001,0,0,0,0,3,0,0,2,0,0,0,1,0,0,2,3
001,0,0,3,4,0,0,0,0,0,0,0,0,4,0,2,3
001,0,0,0,0,3,0,0,2,0,0,0,0,4,0,2,3
001,0,2,3,0,0,0,0,0,0,0,0,0,0,1,2,3
001,0,0,0,0,0,0,1,2,0,0,0,0,0,1,2,3
002,0,2,3,0,0,0,0,0,4,1,0,0,0,0,0,0
002,1,2,0,4,0,0,0,0,4,1,0,0,0,0,0,0
002,0,0,3,4,0,0,0,0,4,1,0,0,0,0,0,0
002,0,0,0,4,3,0,0,0,4,1,0,0,0,0,0,0
002,0,0,3,0,0,4,0,0,4,1,0,0,0,0,0,0
002,0,2,0,0,0,0,1,0,4,1,0,0,0,0,0,0
002,0,0,0,0,3,4,1,0,4,1,0,0,0,0,0,0
002,1,0,0,0,0,0,0,2,4,1,0,0,0,0,0,0
002,0,0,0,0,3,0,0,2,4,1,0,0,0,0,0,0
002,0,0,0,0,0,0,1,2,4,1,0,0,0,0,0,0
002,1,2,3,0,0,0,0,0,0,1,2,0,0,0,0,0
002,1,0,0,4,0,0,0,0,0,1,2,0,0,0,0,0
002,0,0,3,4,0,0,0,0,0,1,2,0,0,0,0,0
002,0,2,0,0,3,0,0,0,0,1,2,0,0,0,0,0
002,0,0,0,4,3,0,0,0,0,1,2,0,0,0,0,0
002,1,2,0,0,0,4,0,0,0,1,2,0,0,0,0,0
002,0,0,3,0,0,4,0,0,0,1,2,0,0,0,0,0
002,0,0,0,0,3,4,0,0,0,1,2,0,0,0,0,0
002,0,2,3,0,0,0,1,0,0,1,2,0,0,0,0,0
002,0,0,0,4,0,0,1,0,0,1,2,0,0,0,0,0
002,0,2,0,0,0,4,1,0,0,1,2,0,0,0,0,0
002,1,0,3,0,0,0,0,2,0,1,2,0,0,0,0,0
002,0,0,0,0,3,0,0,2,0,1,2,0,0,0,0,0
002,1,0,0,0,0,4,0,2,0,1,2,0,0,0,0,0
002,0,0,3,0,0,0,1,2,0,1,2,0,0,0,0,0
002,0,0,0,0,0,4,1,2,0,1,2,0,0,0,0,0
002,1,2,0,0,0,0,0,0,4,1,2,0,0,0,0,0
002,0,0,0,0,0,4,1,0,4,1,2,0,0,0,0,0
002,1,2,0,0,0,0,0,0,4,0,0,3,0,0,0,0
002,0,2,3,0,0,0,0,0,4,0,0,3,0,0,0,0
002,1,0,3,4,0,0,0,0,4,0,0,3,0,0,0,0
002,0,2,0,0,3,0,0,0,4,0,0,3,0,0,0,0
002,1,0,0,4,3,0,0,0,4,0,0,3,0,0,0,0
002,1,0,3,0,0,4,0,0,4,0,0,3,0,0,0,0
002,1,0,0,0,3,4,0,0,4,0,0,3,0,0,0,0
002,0,2,0,0,0,0,1,0,4,0,0,3,0,0,0,0
002,0,0,0,4,0,0,1,0,4,0,0,3,0,0,0,0
002,0,0,0,0,0,4,1,0,4,0,0,3,0,0,0,0
002,1,0,0,0,0,0,0,2,4,0,0,3,0,0,0,0
002,0,0,3,4,0,0,0,2,4,0,0,3,0,0,0,0
002,0,0,0,4,3,0,0,2,4,0,0,3,0,0,0,0
002,0,0,3,0,0,4,0,2,4,0,0,3,0,0,0,0
002,0,0,0,0,3,4,0,2,4,0,0,3,0,0,0,0
002,0,0,0,0,0,0,1,2,4,0,0,3,0,0,0,0
002,1,0,0,4,0,0,0,0,4,1,0,3,0,0,0,0
002,0,0,0,0,3,4,0,0,4,1,0,3,0,0,0,0
002,1,2,0,0,0,0,0,0,0,0,2,3,0,0,0,0
002,1,0,0,4,0,0,0,0,0,0,2,3,0,0,0,0
002,0,2,3,4,0,0,0,0,0,0,2,3,0,0,0,0
002,0,0,0,4,3,0,0,0,0,0,2,3,0,0,0,0
002,0,0,3,0,0,4,0,0,0,0,2,3,0,0,0,0
002,0,0,0,0,3,4,0,0,0,0,2,3,0,0,0,0
002,0,2,0,0,0,0,1,0,0,0,2,3,0,0,0,0
002,0,0,0,0,0,4,1,0,0,0,2,3,0,0,0,0
002,1,0,0,0,0,0,0,2,0,0,2,3,0,0,0,0
002,0,0,0,0,3,0,1,2,0,0,2,3,0,0,0,0
002,0,0,3,4,0,0,0,0,4,0,2,3,0,0,0,0
002,0,0,0,0,3,0,0,2,4,0,2,3,0,0,0,0
002,0,2,3,0,0,0,0,0,0,1,2,3,0,0,0,0
002,0,0,0,0,0,0,1,2,0,1,2,3,0,0,0,0
002,0,2,3,0,3,0,0,0,0,1,0,0,2,0,0,0
002,0,0,0,4,3,0,0,0,0,1,0,0,2,0,0,0
002,0,0,3,0,0,4,0,0,0,1,0,0,2,0,0,0
002,1,0,0,4,0,4,0,0,0,1,0,0,2,0,0,0
002,0,2,3,0,0,0,1,0,0,1,0,0,2,0,0,0
002,0,2,0,4,0,0,1,0,0,1,0,0,2,0,0,0
002,0,0,3,4,0,0,1,0,0,1,0,0,2,0,0,0
002,0,2,0,0,3,0,1,0,0,1,0,0,2,0,0,0
002,0,0,0,0,0,4,1,0,0,1,0,0,2,0,0,0
002,1,0,3,0,0,0,0,2,0,1,0,0,2,0,0,0
002,1,0,0,4,0,0,0,2,0,1,0,0,2,0,0,0
002,0,0,3,4,0,0,0,2,0,1,0,0,2,0,0,0
002,0,0,0,0,3,0,0,2,0,1,0,0,2,0,0,0
002,1,0,0,0,0,4,0,2,0,1,0,0,2,0,0,0
002,0,0,3,0,0,0,1,2,0,1,0,0,2,0,0,0
002,0,0,0,4,0,0,1,2,0,1,0,0,2,0,0,0
002,1,0,0,4,0,0,0,0,4,1,0,0,2,0,0,0
002,0,0,0,4,0,0,1,0,4,1,0,0,2,0,0,0
002,0,0,3,0,0,0,0,2,4,1,0,0,2,0,0,0
002,1,0,0,0,0,4,0,0,0,1,2,0,2,0,0,0
002,1,2,0,0,0,0,0,0,0,0,0,3,2,0,0,0
002,1,0,0,4,0,0,0,0,0,0,0,3,2,0,0,0
002,0,0,3,4,0,0,0,0,0,0,0,3,2,0,0,0
002,0,0,0,4,3,0,0,0,0,0,0,3,2,0,0,0
002,1,0,0,0,0,4,0,0,0,0,0,3,2,0,0,0
002,0,0,3,0,0,4,0,0,0,0,0,3,2,0,0,0
002,0,0,0,0,3,4,0,0,0,0,0,3,2,0,0,0
002,0,2,0,0,0,0,1,0,0,0,0,3,2,0,0,0
002,0,0,0,4,0,0,1,0,0,0,0,3,2,0,0,0
002,0,0,0,0,0,4,1,0,0,0,0,3,2,0,0,0
002,1,0,0,0,0,0,0,2,0,0,0,3,2,0,0,0
002,0,0,0,0,0,0,1,2,0,0,0,3,2,0,0,0
002,0,0,3,0,0,0,0,2,4,0,0,3,2,0,0,0
002,0,0,0,0,3,0,0,2,4,0,0,3,2,0,0,0
002,0,2,3,0,0,0,0,0,0,1,0,3,2,0,0,0
002,0,2,0,0,3,0,0,0,0,1,0,3,2,0,0,0
002,0,0,3,0,0,0,0,2,0,1,0,3,2,0,0,0
002,0,2,3,0,0,0,0,0,4,0,0,0,0,3,0,0
002,1,0,0,4,0,0,0,0,4,0,0,0,0,3,0,0
002,0,2,0,4,3,0,0,0,4,0,0,0,0,3,0,0
002,1,0,3,0,0,4,0,0,4,0,0,0,0,3,0,0
002,0,2,0,0,0,0,1,0,4,0,0,0,0,3,0,0
002,0,0,3,4,0,0,1,0,4,0,0,0,0,3,0,0
002,0,0,0,4,3,0,1,0,4,0,0,0,0,3,0,0
002,1,0,0,0,0,4,1,0,4,0,0,0,0,3,0,0
002,0,0,3,0,0,4,1,0,4,0,0,0,0,3,0,0
002,1,0,0,0,0,0,0,2,4,0,0,0,0,3,0,0
002,0,0,3,4,0,0,0,2,4,0,0,0,0,3,0,0
002,0,2,0,0,3,0,0,2,4,0,0,0,0,3,0,0
002,0,0,0,4,3,0,0,2,4,0,0,0,0,3,0,0
002,0,0,3,0,0,4,0,2,4,0,0,0,0,3,0,0
002,0,0,3,0,0,0,1,2,4,0,0,0,0,3,0,0
002,0,0,0,4,0,0,1,2,4,0,0,0,0,3,0,0
002,0,0,0,4,0,0,1,0,4,1,0,0,0,3,0,0
002,0,0,0,0,0,4,1,0,4,1,0,0,0,3,0,0
002,0,0,3,0,0,0,0,2,4,1,0,0,0,3,0,0
002,1,2,0,0,0,0,0,0,0,0,2,0,0,3,0,0
002,1,0,0,4,0,0,0,0,0,0,2,0,0,3,0,0
002,0,0,3,4,0,0,0,0,0,0,2,0,0,3,0,0
002,0,0,0,4,3,0,0,0,0,0,2,0,0,3,0,0
002,1,0,0,0,0,4,0,0,0,0,2,0,0,3,0,0
002,0,0,3,0,0,4,0,0,0,0,2,0,0,3,0,0
002,0,0,0,0,3,4,0,0,0,0,2,0,0,3,0,0
002,0,2,0,0,0,0,1,0,0,0,2,0,0,3,0,0
002,0,0,0,4,0,0,1,0,0,0,2,0,0,3,0,0
002,0,0,0,0,0,4,1,0,0,0,2,0,0,3,0,0
002,1,0,0,0,0,0,0,2,0,0,2,0,0,3,0,0
002,0,0,0,0,0,0,1,2,0,0,2,0,0,3,0,0
002,0,2,0,0,3,0,0,0,4,0,2,0,0,3,0,0
002,0,0,3,0,0,0,0,2,4,0,2,0,0,3,0,0
002,0,0,0,0,3,0,0,2,4,0,2,0,0,3,0,0
002,0,2,3,0,0,0,0,0,0,1,2,0,0,3,0,0
002,0,0,3,0,0,0,0,2,0,1,2,0,0,3,0,0
002,1,0,0,0,0,4,0,0,4,0,0,3,0,3,0,0
002,1,2,3,0,0,0,0,0,0,0,0,0,2,3,0,0
002,1,0,0,4,0,0,0,0,0,0,0,0,2,3,0,0
002,0,0,3,4,0,0,0,0,0,0,0,0,2,3,0,0
002,0,0,0,4,3,0,0,0,0,0,0,0,2,3,0,0
002,0,0,3,0,0,4,0,0,0,0,0,0,2,3,0,0
002,0,2,0,0,0,0,1,0,0,0,0,0,2,3,0,0
002,0,0,0,0,0,4,1,0,0,0,0,0,2,3,0,0
002,1,0,0,0,0,0,0,2,0,0,0,0,2,3,0,0
002,0,0,0,0,3,4,0,2,0,0,0,0,2,3,0,0
002,0,0,0,0,0,0,1,2,0,0,0,0,2,3,0,0
002,0,0,0,4,0,0,1,0,4,0,0,0,2,3,0,0
002,0,0,3,0,0,0,0,2,4,0,0,0,2,3,0,0
002,0,0,0,0,3,0,0,2,4,0,0,0,2,3,0,0
002,0,2,3,0,0,0,0,0,0,1,0,0,2,3,0,0
002,0,0,0,4,0,0,1,0,0,1,0,0,2,3,0,0
002,0,0,3,0,0,0,0,2,0,1,0,0,2,3,0,0
002,1,2,0,0,0,0,0,0,0,1,0,0,0,0,4,0
002,0,2,3,0,0,0,0,0,0,1,0,0,0,0,4,0
002,0,0,3,4,0,0,0,0,0,1,0,0,0,0,4,0
002,0,2,0,0,3,0,0,0,0,1,0,0,0,0,4,0
002,0,0,0,4,3,0,0,0,0,1,0,0,0,0,4,0
002,0,0,3,0,0,4,0,0,0,1,0,0,0,0,4,0
002,0,0,0,0,3,4,0,0,0,1,0,0,0,0,4,0
002,0,2,0,0,0,0,1,0,0,1,0,0,0,0,4,0
002,1,0,0,0,0,0,0,2,0,1,0,0,0,0,4,0
002,0,0,3,0,0,0,0,2,0,1,0,0,0,0,4,0
002,0,0,0,0,3,0,0,2,0,1,0,0,0,0,4,0
002,0,0,0,0,0,0,1,2,0,1,0,0,0,0,4,0
002,1,0,0,0,0,4,0,0,0,1,2,0,0,0,4,0
002,0,0,0,0,0,4,1,0,0,1,2,0,0,0,4,0
002,1,2,0,0,3,0,0,0,0,0,0,3,0,0,4,0
002,1,0,0,4,3,0,0,0,0,0,0,3,0,0,4,0
002,0,2,0,4,3,0,0,0,0,0,0,3,0,0,4,0
002,1,2,0,0,0,4,0,0,0,0,0,3,0,0,4,0
002,1,0,3,0,0,4,0,0,0,0,0,3,0,0,4,0
002,0,2,3,0,0,4,0,0,0,0,0,3,0,0,4,0
002,1,0,0,0,3,4,0,0,0,0,0,3,0,0,4,0
002,0,2,0,0,3,4,0,0,0,0,0,3,0,0,4,0
002,0,2,0,0,0,0,1,0,0,0,0,3,0,0,4,0
002,1,0,0,4,0,0,1,0,0,0,0,3,0,0,4,0
002,0,0,0,4,3,0,1,0,0,0,0,3,0,0,4,0
002,0,0,0,0,0,4,1,0,0,0,0,3,0,0,4,0
002,1,0,0,0,0,0,0,2,0,0,0,3,0,0,4,0
002,0,2,3,0,0,0,0,2,0,0,0,3,0,0,4,0
002,0,0,0,0,3,0,0,2,0,0,0,3,0,0,4,0
002,0,0,3,0,0,4,0,2,0,0,0,3,0,0,4,0
002,0,0,3,0,0,0,0,2,4,0,0,3,0,0,4,0
002,1,0,0,4,0,0,0,0,0,1,0,3,0,0,4,0
002,1,0,0,0,0,4,0,0,0,1,0,3,0,0,4,0
002,0,0,0,4,0,0,1,0,0,1,0,3,0,0,4,0
002,0,2,3,0,0,0,0,0,0,0,2,3,0,0,4,0
002,0,2,0,0,3,0,0,0,0,0,2,3,0,0,4,0
002,1,0,0,0,0,4,0,0,0,0,2,3,0,0,4,0
002,1,0,0,4,0,0,0,0,0,1,0,0,2,0,4,0
002,1,0,0,0,0,4,0,0,0,1,0,0,2,0,4,0
002,0,0,0,4,0,0,1,0,0,1,0,0,2,0,4,0
002,0,2,3,0,0,0,0,0,0,0,0,3,2,0,4,0
002,0,2,0,0,3,0,0,0,0,0,0,3,2,0,4,0
002,0,0,3,0,0,0,0,2,0,0,0,3,2,0,4,0
002,1,2,0,0,0,0,0,0,0,0,0,0,0,3,4,0
002,1,0,0,4,0,0,0,0,0,0,0,0,0,3,4,0
002,0,2,3,4,0,0,0,0,0,0,0,0,0,3,4,0
002,0,2,0,4,3,0,0,0,0,0,0,0,0,3,4,0
002,1,0,0,0,0,4,0,0,0,0,0,0,0,3,4,0
002,0,2,3,0,0,4,0,0,0,0,0,0,0,3,4,0
002,0,2,0,0,3,4,0,0,0,0,0,0,0,3,4,0
002,0,2,0,0,0,0,1,0,0,0,0,0,0,3,4,0
002,0,0,3,4,0,0,1,0,0,0,0,0,0,3,4,0
002,0,0,0,4,3,0,1,0,0,0,0,0,0,3,4,0
002,0,0,3,0,0,4,1,0,0,0,0,0,0,3,4,0
002,0,0,0,0,3,4,1,0,0,0,0,0,0,3,4,0
002,1,0,0,0,0,0,0,2,0,0,0,0,0,3,4,0
002,0,0,3,0,0,0,0,2,0,0,0,0,0,3,4,0
002,0,0,0,0,3,0,0,2,0,0,0,0,0,3,4,0
002,0,0,0,0,0,0,1,2,0,0,0,0,0,3,4,0
002,0,2,0,0,3,0,0,0,4,0,0,0,0,3,4,0
002,0,0,0,4,0,0,1,0,0,1,0,0,0,3,4,0
002,0,0,0,0,0,4,1,0,0,1,0,0,0,3,4,0
002,0,2,3,0,0,0,0,0,0,0,2,0,0,3,4,0
002,0,2,0,0,3,0,0,0,0,0,2,0,0,3,4,0
002,0,0,0,4,0,0,1,0,0,0,0,3,0,3,4,0
002,0,2,3,0,0,0,0,0,0,0,0,0,2,3,4,0
002,0,0,0,0,3,4,0,0,0,0,0,0,2,3,4,0
002,1,2,0,0,0,0,0,0,4,0,0,0,0,0,0,1
002,0,2,3,0,0,0,0,0,4,0,0,0,0,0,0,1
002,0,0,3,4,0,0,0,0,4,0,0,0,0,0,0,1
002,0,2,0,0,3,0,0,0,4,0,0,0,0,0,0,1
002,0,0,0,4,3,0,0,0,4,0,0,0,0,0,0,1
002,0,0,3,0,0,4,0,0,4,0,0,0,0,0,0,1
002,0,0,0,0,3,4,0,0,4,0,0,0,0,0,0,1
002,0,2,0,0,0,0,1,0,4,0,0,0,0,0,0,1
002,1,0,0,0,0,0,0,2,4,0,0,0,0,0,0,1
002,0,0,3,0,0,0,0,2,4,0,0,0,0,0,0,1
002,0,0,0,0,3,0,0,2,4,0,0,0,0,0,0,1
002,0,0,0,0,0,0,1,2,4,0,0,0,0,0,0,1
002,0,2,3,0,0,0,0,0,0,0,2,0,0,0,0,1
002,1,0,0,4,0,0,0,0,0,0,2,0,0,0,0,1
002,1,2,0,0,3,0,0,0,0,0,2,0,0,0,0,1
002,0,0,0,4,3,0,0,0,0,0,2,0,0,0,0,1
002,1,2,0,0,0,4,0,0,0,0,2,0,0,0,0,1
002,0,0,3,0,0,4,0,0,0,0,2,0,0,0,0,1
002,1,0,0,0,3,4,0,0,0,0,2,0,0,0,0,1
002,0,2,0,0,3,4,0,0,0,0,2,0,0,0,0,1
002,0,2,0,4,0,0,1,0,0,0,2,0,0,0,0,1
002,0,2,0,0,3,0,1,0,0,0,2,0,0,0,0,1
002,0,2,0,0,0,4,1,0,0,0,2,0,0,0,0,1
002,0,0,0,4,0,4,1,0,0,0,2,0,0,0,0,1
002,1,0,3,0,0,0,0,2,0,0,2,0,0,0,0,1
002,1,0,0,0,3,0,0,2,0,0,2,0,0,0,0,1
002,0,0,3,0,3,0,0,2,0,0,2,0,0,0,0,1
002,1,0,0,0,0,4,0,2,0,0,2,0,0,0,0,1
002,1,0,0,0,0,4,0,0,4,0,2,0,0,0,0,1
002,0,0,0,4,0,0,1,0,4,0,2,0,0,0,0,1
002,0,0,0,0,0,4,1,0,4,0,2,0,0,0,0,1
002,0,0,3,0,0,0,0,2,0,1,2,0,0,0,0,1
002,1,0,0,4,0,0,0,0,4,0,0,3,0,0,0,1
002,1,0,0,0,0,4,0,0,4,0,0,3,0,0,0,1
002,0,2,0,0,3,0,0,0,0,0,2,3,0,0,0,1
002,1,0,0,0,0,4,0,0,0,0,2,3,0,0,0,1
002,0,0,0,0,3,0,0,2,0,0,2,3,0,0,0,1
002,0,2,3,0,0,0,0,0,0,0,0,0,2,0,0,1
002,1,2,0,4,0,0,0,0,0,0,0,0,2,0,0,1
002,0,0,3,4,0,0,0,0,0,0,0,0,2,0,0,1
002,1,2,0,0,3,0,0,0,0,0,0,0,2,0,0,1
002,0,0,0,4,3,0,0,0,0,0,0,0,2,0,0,1
002,1,0,0,0,0,4,0,0,0,0,0,0,2,0,0,1
002,0,0,3,0,0,4,0,0,0,0,0,0,2,0,0,1
002,0,0,0,0,3,4,0,0,0,0,0,0,2,0,0,1
002,0,2,0,4,0,0,1,0,0,0,0,0,2,0,0,1
002,0,2,0,0,3,0,1,0,0,0,0,0,2,0,0,1
002,0,0,0,0,0,4,1,0,0,0,0,0,2,0,0,1
002,0,0,3,0,0,0,0,2,0,0,0,0,2,0,0,1
002,1,0,0,4,0,0,0,2,0,0,0,0,2,0,0,1
002,1,0,0,0,3,0,0,2,0,0,0,0,2,0,0,1
002,0,0,0,4,0,0,1,2,0,0,0,0,2,0,0,1
002,0,0,0,0,3,0,1,2,0,0,0,0,2,0,0,1
002,1,0,0,4,0,0,0,0,4,0,0,0,2,0,0,1
002,0,0,0,4,0,0,1,0,4,0,0,0,2,0,0,1
002,0,2,0,0,3,0,0,0,0,1,0,0,2,0,0,1
002,0,0,0,4,0,0,1,0,0,0,2,0,2,0,0,1
002,0,2,0,0,3,0,0,0,0,0,0,3,2,0,0,1
002,0,0,0,0,3,0,0,2,0,0,0,3,2,0,0,1
002,1,0,0,0,0,4,0,0,4,0,0,0,0,3,0,1
002,0,0,0,4,0,0,1,0,4,0,0,0,0,3,0,1
002,0,0,0,0,0,4,1,0,4,0,0,0,0,3,0,1
002,0,2,0,0,3,0,0,0,0,0,2,0,0,3,0,1
002,0,0,3,0,0,0,0,2,0,0,2,0,0,3,0,1
002,0,0,0,0,3,0,0,2,0,0,2,0,0,3,0,1
002,1,2,0,0,0,0,0,0,0,0,0,0,2,3,0,1
002,0,0,0,0,3,0,0,2,0,0,0,0,2,3,0,1
002,1,2,0,0,0,0,0,0,0,0,0,0,0,0,4,1
002,0,2,3,0,0,0,0,0,0,0,0,0,0,0,4,1
002,1,0,3,4,0,0,0,0,0,0,0,0,0,0,4,1
002,0,0,0,4,3,0,0,0,0,0,0,0,0,0,4,1
002,0,0,3,0,0,4,0,0,0,0,0,0,0,0,4,1
002,0,0,0,0,3,4,0,0,0,0,0,0,0,0,4,1
002,0,2,0,0,0,0,1,0,0,0,0,0,0,0,4,1
002,1,0,0,0,0,0,0,2,0,0,0,0,0,0,4,1
002,0,0,0,0,3,0,0,2,0,0,0,0,0,0,4,1
002,0,0,0,0,0,4,1,2,0,0,0,0,0,0,4,1
002,0,2,0,0,3,0,0,0,0,0,2,0,0,0,4,1
002,1,0,0,0,0,4,0,0,0,0,2,0,0,0,4,1
002,0,0,0,0,0,4,1,0,0,0,2,0,0,0,4,1
002,1,0,0,4,0,0,0,0,0,0,0,3,0,0,4,1
002,0,2,0,0,3,0,0,0,0,0,0,3,0,0,4,1
002,1,0,0,0,0,4,0,0,0,0,0,3,0,0,4,1
002,1,0,0,4,0,0,0,0,0,0,0,0,2,0,4,1
002,0,0,0,0,0,0,1,2,0,0,0,0,2,0,4,1
002,0,0,3,4,0,0,0,0,0,0,0,0,0,3,4,1
002,0,0,0,0,0,4,1,0,0,0,0,0,0,3,4,1
003,0,2,3,0,0,0,1,0,4,3,0,0,0,0,0,0
003,1,0,0,4,0,0,1,0,4,3,0,0,0,0,0,0
003,0,2,0,4,0,0,1,0,4,3,0,0,0,0,0,0
003,1,0,3,0,0,4,1,0,4,3,0,0,0,0,0,0
003,1,0,3,0,0,0,0,2,4,3,0,0,0,0,0,0
003,0,2,3,0,0,0,0,2,4,3,0,0,0,0,0,0
003,1,0,0,4,0,0,0,2,4,3,0,0,0,0,0,0
003,0,2,0,4,3,0,0,2,4,3,0,0,0,0,0,0
003,1,2,3,0,0,0,0,0,0,3,2,0,0,0,0,0
003,1,0,0,4,0,0,0,0,0,3,2,0,0,0,0,0
003,0,2,3,4,0,0,0,0,0,3,2,0,0,0,0,0
003,0,2,0,4,3,0,0,0,0,3,2,0,0,0,0,0
003,1,0,3,0,0,4,0,0,0,3,2,0,0,0,0,0
003,0,2,3,0,0,4,0,0,0,3,2,0,0,0,0,0
003,0,2,3,0,0,0,1,0,0,3,2,0,0,0,0,0
003,0,2,0,4,0,0,1,0,0,3,2,0,0,0,0,0
003,1,0,3,0,0,0,0,2,0,3,2,0,0,0,0,0
003,0,2,3,0,0,0,0,0,4,3,2,0,0,0,0,0
003,0,2,3,0,0,0,0,0,4,0,0,1,0,0,0,0
003,1,2,0,4,0,0,0,0,4,0,0,1,0,0,0,0
003,1,0,3,4,0,0,0,0,4,0,0,1,0,0,0,0
003,1,0,0,4,3,0,0,0,4,0,0,1,0,0,0,0
003,0,2,0,4,3,0,0,0,4,0,0,1,0,0,0,0
003,1,0,3,0,0,4,0,0,4,0,0,1,0,0,0,0
003,0,2,0,4,0,0,1,0,4,0,0,1,0,0,0,0
003,1,0,3,0,0,0,0,2,4,0,0,1,0,0,0,0
003,1,0,0,4,0,0,0,2,4,0,0,1,0,0,0,0
003,1,0,0,4,0,0,0,0,4,3,0,1,0,0,0,0
003,0,2,3,0,3,0,0,0,0,0,2,1,0,0,0,0
003,1,0,0,4,3,0,0,0,0,0,2,1,0,0,0,0
003,0,2,0,4,3,0,0,0,0,0,2,1,0,0,0,0
003,1,0,3,0,0,4,0,0,0,0,2,1,0,0,0,0
003,0,2,3,0,0,4,0,0,0,0,2,1,0,0,0,0
003,1,0,0,4,0,4,0,0,0,0,2,1,0,0,0,0
003,0,2,0,4,0,4,1,0,0,0,2,1,0,0,0,0
003,1,0,3,0,3,0,0,2,0,0,2,1,0,0,0,0
003,1,0,0,4,0,0,0,0,4,0,2,1,0,0,0,0
003,0,2,3,0,0,0,0,0,0,3,2,1,0,0,0,0
003,0,2,3,0,0,0,1,0,0,3,0,0,2,0,0,0
003,1,0,0,4,0,0,1,0,0,3,0,0,2,0,0,0
003,0,2,0,4,0,0,1,0,0,3,0,0,2,0,0,0
003,0,0,3,4,0,0,1,0,0,3,0,0,2,0,0,0
003,0,0,0,4,3,0,1,0,0,3,0,0,2,0,0,0
003,0,0,3,0,0,4,1,0,0,3,0,0,2,0,0,0
003,0,0,0,4,0,4,1,0,0,3,0,0,2,0,0,0
003,1,0,3,0,0,0,0,2,0,3,0,0,2,0,0,0
003,1,0,0,4,0,0,0,2,0,3,0,0,2,0,0,0
003,0,0,3,4,0,0,0,2,0,3,0,0,2,0,0,0
003,0,0,0,4,3,0,0,2,0,3,0,0,2,0,0,0
003,0,0,3,0,0,4,0,2,0,3,0,0,2,0,0,0
003,0,0,3,0,0,0,1,2,0,3,0,0,2,0,0,0
003,0,0,0,4,0,0,1,2,0,3,0,0,2,0,0,0
003,0,0,0,4,0,0,1,0,4,3,0,0,2,0,0,0
003,0,0,3,0,0,0,0,2,4,3,0,0,2,0,0,0
003,0,0,3,4,0,0,0,0,0,3,2,0,2,0,0,0
003,0,0,0,4,3,0,0,0,0,3,2,0,2,0,0,0
003,0,0,3,0,0,4,0,0,0,3,2,0,2,0,0,0
003,0,0,0,4,0,0,1,0,0,3,2,0,2,0,0,0
003,0,2,3,0,3,0,0,0,0,0,0,1,2,0,0,0
003,0,0,0,4,3,0,0,0,0,0,0,1,2,0,0,0
003,0,0,3,0,0,4,0,0,0,0,0,1,2,0,0,0
003,1,0,0,4,0,4,0,0,0,0,0,1,2,0,0,0
003,0,0,0,4,0,4,1,0,0,0,0,1,2,0,0,0
003,0,0,3,0,3,0,0,2,0,0,0,1,2,0,0,0
003,1,0,0,4,0,0,0,0,4,0,0,1,2,0,0,0
003,0,0,3,4,0,0,0,0,4,0,0,1,2,0,0,0
003,0,0,0,4,0,0,1,0,4,0,0,1,2,0,0,0
003,0,0,3,0,0,0,0,2,4,0,0,1,2,0,0,0
003,0,2,3,0,0,0,0,0,0,3,0,1,2,0,0,0
003,1,0,0,4,0,0,0,0,0,3,0,1,2,0,0,0
003,0,0,3,4,0,0,0,0,0,3,0,1,2,0,0,0
003,0,0,0,4,0,0,1,0,0,3,0,1,2,0,0,0
003,0,0,3,0,0,0,0,2,0,3,0,1,2,0,0,0
003,0,2,3,0,0,0,1,0,4,0,0,0,0,1,0,0
003,0,2,0,4,0,0,1,0,4,0,0,0,0,1,0,0
003,0,0,3,4,0,0,1,0,4,0,0,0,0,1,0,0
003,0,0,0,4,3,0,1,0,4,0,0,0,0,1,0,0
003,0,0,3,0,0,4,1,0,4,0,0,0,0,1,0,0
003,1,0,3,0,0,0,0,2,4,0,0,0,0,1,0,0
003,0,2,3,0,0,0,0,2,4,0,0,0,0,1,0,0
003,1,0,0,4,0,0,0,2,4,0,0,0,0,1,0,0
003,0,0,3,4,0,0,0,2,4,0,0,0,0,1,0,0
003,0,0,3,0,3,0,0,2,4,0,0,0,0,1,0,0
003,0,0,0,4,3,0,0,2,4,0,0,0,0,1,0,0
003,0,0,3,0,0,4,0,2,4,0,0,0,0,1,0,0
003,0,0,3,0,0,0,1,2,4,0,0,0,0,1,0,0
003,0,0,0,4,0,0,1,2,4,0,0,0,0,1,0,0
003,0,0,0,4,0,0,1,0,4,3,0,0,0,1,0,0
003,0,0,3,0,0,0,0,2,4,3,0,0,0,1,0,0
003,0,2,3,0,3,0,0,0,0,0,2,0,0,1,0,0
003,0,0,0,4,3,0,0,0,0,0,2,0,0,1,0,0
003,0,0,3,0,0,4,0,0,0,0,2,0,0,1,0,0
003,1,0,0,4,0,4,0,0,0,0,2,0,0,1,0,0
003,0,0,0,4,0,4,1,0,0,0,2,0,0,1,0,0
003,0,0,3,0,3,0,0,2,0,0,2,0,0,1,0,0
003,0,2,3,0,0,0,0,0,4,0,2,0,0,1,0,0
003,1,0,0,4,0,0,0,0,4,0,2,0,0,1,0,0
003,0,0,3,4,0,0,0,0,4,0,2,0,0,1,0,0
003,0,0,0,4,0,0,1,0,4,0,2,0,0,1,0,0
003,0,0,3,0,0,0,0,2,4,0,2,0,0,1,0,0
003,0,2,3,0,0,0,0,0,0,3,2,0,0,1,0,0
003,0,0,3,4,0,0,0,0,0,3,2,0,0,1,0,0
003,0,0,0,4,0,0,1,0,0,3,2,0,0,1,0,0
003,0,0,3,0,0,0,0,2,0,3,2,0,0,1,0,0
003,0,0,3,4,0,0,0,0,4,0,0,1,0,1,0,0
003,0,0,0,4,3,0,0,0,4,0,0,1,0,1,0,0
003,0,0,3,0,0,4,0,0,4,0,0,1,0,1,0,0
003,0,0,3,0,0,0,0,2,4,0,0,1,0,1,0,0
003,0,2,3,0,3,0,1,0,0,0,0,0,2,1,0,0
003,0,0,0,4,3,0,1,0,0,0,0,0,2,1,0,0
003,0,0,3,0,0,4,1,0,0,0,0,0,2,1,0,0
003,0,0,0,4,0,4,1,0,0,0,0,0,2,1,0,0
003,0,0,3,0,3,0,0,2,0,0,0,0,2,1,0,0
003,0,0,0,4,3,0,0,2,0,0,0,0,2,1,0,0
003,0,0,3,0,0,4,0,2,0,0,0,0,2,1,0,0
003,1,0,0,4,0,4,0,2,0,0,0,0,2,1,0,0
003,0,0,0,4,0,0,1,0,4,0,0,0,2,1,0,0
003,0,0,3,0,0,0,0,2,4,0,0,0,2,1,0,0
003,0,0,0,4,0,0,1,0,0,3,0,0,2,1,0,0
003,0,0,3,0,0,0,0,2,0,3,0,0,2,1,0,0
003,0,2,0,0,0,0,1,0,0,3,0,0,0,0,4,0
003,1,0,0,4,0,0,1,0,0,3,0,0,0,0,4,0
003,1,0,0,0,0,4,1,0,0,3,0,0,0,0,4,0
003,1,0,0,0,0,0,0,2,0,3,0,0,0,0,4,0
003,0,2,3,0,0,0,0,2,0,3,0,0,0,0,4,0
003,0,2,0,0,3,0,0,2,0,3,0,0,0,0,4,0
003,1,2,0,0,0,0,0,0,0,3,2,0,0,0,4,0
003,0,2,3,0,0,0,0,0,0,3,2,0,0,0,4,0
003,0,2,0,0,3,0,0,0,0,3,2,0,0,0,4,0
003,1,0,0,0,0,4,0,0,0,3,2,0,0,0,4,0
003,1,2,0,0,3,0,0,0,0,0,0,1,0,0,4,0
003,0,2,3,0,3,0,0,0,0,0,0,1,0,0,4,0
003,1,0,0,4,3,0,0,0,0,0,0,1,0,0,4,0
003,0,2,0,4,3,0,0,0,0,0,0,1,0,0,4,0
003,1,2,0,0,0,4,0,0,0,0,0,1,0,0,4,0
003,1,0,3,0,0,4,0,0,0,0,0,1,0,0,4,0
003,0,2,3,0,0,4,0,0,0,0,0,1,0,0,4,0
003,1,0,0,0,3,4,0,0,0,0,0,1,0,0,4,0
003,0,2,0,0,3,4,0,0,0,0,0,1,0,0,4,0
003,0,2,0,0,3,0,1,0,0,0,0,1,0,0,4,0
003,0,2,0,0,0,4,1,0,0,0,0,1,0,0,4,0
003,1,0,0,0,3,0,0,2,0,0,0,1,0,0,4,0
003,0,2,0,0,3,0,0,2,0,0,0,1,0,0,4,0
003,1,0,0,0,0,4,0,2,0,0,0,1,0,0,4,0
003,1,2,0,0,0,0,0,0,4,0,0,1,0,0,4,0
003,0,2,0,0,3,0,0,0,4,0,0,1,0,0,4,0
003,0,2,0,0,0,0,1,0,4,0,0,1,0,0,4,0
003,1,0,0,0,0,0,0,2,4,0,0,1,0,0,4,0
003,1,2,0,0,0,0,0,0,0,3,0,1,0,0,4,0
003,0,2,3,0,0,0,0,0,0,3,0,1,0,0,4,0
003,1,0,0,4,0,0,0,0,0,3,0,1,0,0,4,0
003,0,2,0,0,3,0,0,0,0,3,0,1,0,0,4,0
003,1,0,0,0,0,4,0,0,0,3,0,1,0,0,4,0
003,0,2,0,0,3,0,0,0,0,0,2,1,0,0,4,0
003,1,0,0,0,0,4,0,0,0,0,2,1,0,0,4,0
003,0,0,0,4,0,0,1,0,0,3,0,0,2,0,4,0
003,0,0,0,0,0,4,1,0,0,3,0,0,2,0,4,0
003,0,0,3,0,0,0,0,2,0,3,0,0,2,0,4,0
003,0,0,0,0,3,0,0,2,0,3,0,0,2,0,4,0
003,0,0,0,0,0,0,1,2,0,3,0,0,2,0,4,0
003,0,0,0,0,3,4,0,0,0,3,2,0,2,0,4,0
003,0,2,0,0,3,0,0,0,0,0,0,1,2,0,4,0
003,1,0,0,0,0,4,0,0,0,0,0,1,2,0,4,0
003,0,0,0,0,3,4,0,0,0,0,0,1,2,0,4,0
003,0,0,0,0,0,4,1,0,0,0,0,1,2,0,4,0
003,0,0,0,0,3,0,0,2,0,0,0,1,2,0,4,0
003,0,0,0,0,0,0,1,2,4,0,0,1,2,0,4,0
003,0,2,0,0,3,0,1,0,0,0,0,0,0,1,4,0
003,0,0,0,4,3,0,1,0,0,0,0,0,0,1,4,0
003,0,2,0,0,0,4,1,0,0,0,0,0,0,1,4,0
003,0,0,3,0,0,4,1,0,0,0,0,0,0,1,4,0
003,0,0,0,0,3,4,1,0,0,0,0,0,0,1,4,0
003,0,0,0,0,3,0,0,2,0,0,0,0,0,1,4,0
003,1,0,0,0,0,4,0,2,0,0,0,0,0,1,4,0
003,0,0,3,0,0,4,0,2,0,0,0,0,0,1,4,0
003,0,0,0,0,0,4,1,2,0,0,0,0,0,1,4,0
003,0,2,0,0,0,0,1,0,4,0,0,0,0,1,4,0
003,1,0,0,0,0,0,0,2,4,0,0,0,0,1,4,0
003,0,0,3,0,0,0,0,2,4,0,0,0,0,1,4,0
003,0,0,0,0,0,0,1,2,4,0,0,0,0,1,4,0
003,0,0,0,4,0,0,1,0,0,3,0,0,0,1,4,0
003,0,0,0,0,0,4,1,0,0,3,0,0,0,1,4,0
003,0,0,3,0,0,0,0,2,0,3,0,0,0,1,4,0
003,0,0,0,0,0,0,1,2,0,3,0,0,0,1,4,0
003,0,2,0,0,3,0,0,0,0,0,2,0,0,1,4,0
003,1,0,0,0,0,4,0,0,0,0,2,0,0,1,4,0
003,0,0,0,0,3,4,0,0,0,0,2,0,0,1,4,0
003,0,0,0,0,0,4,1,0,0,0,2,0,0,1,4,0
003,1,2,0,0,0,0,0,0,4,0,2,0,0,1,4,0
003,0,2,0,0,3,0,0,0,0,0,0,1,0,1,4,0
003,0,0,0,4,3,0,0,0,0,0,0,1,0,1,4,0
003,0,0,3,0,0,4,0,0,0,0,0,1,0,1,4,0
003,0,0,0,0,3,4,0,0,0,0,0,1,0,1,4,0
003,0,0,3,4,0,0,0,0,0,3,0,1,0,1,4,0
003,0,0,0,0,0,4,1,0,0,0,0,0,2,1,4,0
003,0,2,0,0,0,0,1,0,4,0,0,0,0,0,0,3
003,1,0,0,4,0,0,1,0,4,0,0,0,0,0,0,3
003,1,0,0,0,0,4,1,0,4,0,0,0,0,0,0,3
003,1,0,0,0,0,0,0,2,4,0,0,0,0,0,0,3
003,0,2,3,0,0,0,0,2,4,0,0,0,0,0,0,3
003,0,2,0,0,3,0,0,2,4,0,0,0,0,0,0,3
003,1,2,0,0,3,0,0,0,0,0,2,0,0,0,0,3
003,1,0,0,4,3,0,0,0,0,0,2,0,0,0,0,3
003,0,2,0,4,3,0,0,0,0,0,2,0,0,0,0,3
003,1,2,0,0,0,4,0,0,0,0,2,0,0,0,0,3
003,1,0,3,0,0,4,0,0,0,0,2,0,0,0,0,3
003,0,2,3,0,0,4,0,0,0,0,2,0,0,0,0,3
003,1,0,0,4,0,4,0,0,0,0,2,0,0,0,0,3
003,1,0,0,0,3,4,0,0,0,0,2,0,0,0,0,3
003,0,2,0,0,3,4,0,0,0,0,2,0,0,0,0,3
003,0,2,0,0,3,0,1,0,0,0,2,0,0,0,0,3
003,1,0,0,0,0,4,1,0,0,0,2,0,0,0,0,3
003,0,2,0,0,0,4,1,0,0,0,2,0,0,0,0,3
003,1,0,0,0,3,0,0,2,0,0,2,0,0,0,0,3
003,1,0,0,0,0,4,0,2,0,0,2,0,0,0,0,3
003,1,2,0,0,0,0,0,0,4,0,2,0,0,0,0,3
003,0,2,3,0,0,0,0,0,4,0,2,0,0,0,0,3
003,1,0,0,4,0,0,0,0,4,0,2,0,0,0,0,3
003,0,2,0,0,3,0,0,0,4,0,2,0,0,0,0,3
003,1,0,0,0,0,4,0,0,4,0,2,0,0,0,0,3
003,1,2,0,0,0,0,0,0,0,3,2,0,0,0,0,3
003,1,0,0,0,0,4,0,0,0,3,2,0,0,0,0,3
003,0,2,0,0,0,0,1,0,0,3,2,0,0,0,0,3
003,1,0,0,0,0,0,0,2,0,3,2,0,0,0,0,3
003,1,2,0,0,0,0,0,0,4,0,0,1,0,0,0,3
003,1,0,0,4,0,0,0,0,4,0,0,1,0,0,0,3
003,0,2,0,0,3,0,0,0,4,0,0,1,0,0,0,3
003,1,0,0,0,0,4,0,0,4,0,0,1,0,0,0,3
003,0,2,0,0,3,0,0,0,0,0,2,1,0,0,0,3
003,1,0,0,0,0,4,0,0,0,0,2,1,0,0,0,3
003,0,2,0,0,3,0,1,0,0,0,0,0,2,0,0,3
003,0,0,0,4,3,0,1,0,0,0,0,0,2,0,0,3
003,0,0,0,0,0,4,1,0,0,0,0,0,2,0,0,3
003,1,0,0,0,3,0,0,2,0,0,0,0,2,0,0,3
003,0,0,0,4,3,0,0,2,0,0,0,0,2,0,0,3
003,1,0,0,0,0,4,0,2,0,0,0,0,2,0,0,3
003,0,0,3,0,0,4,0,2,0,0,0,0,2,0,0,3
003,0,0,0,0,3,4,0,2,0,0,0,0,2,0,0,3
003,0,0,0,0,3,0,1,2,0,0,0,0,2,0,0,3
003,0,0,0,4,0,0,1,0,4,0,0,0,2,0,0,3
003,0,0,3,0,0,0,0,2,4,0,0,0,2,0,0,3
003,0,0,0,0,3,0,0,2,4,0,0,0,2,0,0,3
003,0,0,0,0,0,0,1,2,4,0,0,0,2,0,0,3
003,0,2,0,0,0,0,1,0,0,3,0,0,2,0,0,3
003,0,0,0,4,0,0,1,0,0,3,0,0,2,0,0,3
003,1,0,0,0,0,0,0,2,0,3,0,0,2,0,0,3
003,0,0,0,0,0,0,1,2,0,3,0,0,2,0,0,3
003,0,0,0,4,3,0,0,0,0,0,2,0,2,0,0,3
003,1,0,0,0,0,4,0,0,0,0,2,0,2,0,0,3
003,0,0,3,0,0,4,0,0,0,0,2,0,2,0,0,3
003,0,0,0,0,3,4,0,0,0,0,2,0,2,0,0,3
003,0,0,3,4,0,0,0,0,4,0,2,0,2,0,0,3
003,0,2,0,0,3,0,0,0,0,0,0,1,2,0,0,3
003,1,0,0,0,0,4,0,0,0,0,0,1,2,0,0,3
003,0,0,0,0,3,4,0,0,0,0,0,1,2,0,0,3
003,0,0,0,0,3,0,0,2,0,0,0,1,2,0,0,3
003,1,2,0,0,0,0,0,0,0,3,0,1,2,0,0,3
003,0,0,0,4,0,0,1,0,4,0,0,0,0,1,0,3
003,0,0,0,0,0,4,1,0,4,0,0,0,0,1,0,3
003,0,0,3,0,0,0,0,2,4,0,0,0,0,1,0,3
003,0,0,0,0,3,0,0,2,4,0,0,0,0,1,0,3
003,0,0,0,0,0,0,1,2,4,0,0,0,0,1,0,3
003,0,2,0,0,3,0,0,0,0,0,2,0,0,1,0,3
003,1,0,0,0,0,4,0,0,0,0,2,0,0,1,0,3
003,0,0,0,0,3,4,0,0,0,0,2,0,0,1,0,3
003,0,0,0,0,0,4,1,0,0,0,2,0,0,1,0,3
003,0,0,0,0,3,0,0,2,0,0,2,0,0,1,0,3
003,0,0,0,0,0,0,1,2,0,3,2,0,0,1,0,3
003,0,0,0,0,3,4,0,0,4,0,0,1,0,1,0,3
003,0,0,0,0,3,0,0,2,0,0,0,0,2,1,0,3
003,0,2,0,0,3,0,1,0,0,0,0,0,0,0,4,3
003,1,0,0,4,3,0,1,0,0,0,0,0,0,0,4,3
003,1,0,0,0,0,4,1,0,0,0,0,0,0,0,4,3
003,0,2,0,0,0,4,1,0,0,0,0,0,0,0,4,3
003,1,0,0,0,3,0,0,2,0,0,0,0,0,0,4,3
003,0,2,0,0,3,0,0,2,0,0,0,0,0,0,4,3
003,1,0,0,0,0,4,0,2,0,0,0,0,0,0,4,3
003,0,2,3,0,0,4,0,2,0,0,0,0,0,0,4,3
003,0,2,0,0,3,0,0,0,0,0,2,0,0,0,4,3
003,1,0,0,0,0,4,0,0,0,0,2,0,0,0,4,3
003,0,2,0,0,3,0,0,0,0,0,0,1,0,0,4,3
003,1,0,0,0,0,4,0,0,0,0,0,1,0,0,4,3
003,0,0,0,0,3,0,0,2,0,0,0,0,2,0,4,3
003,0,0,0,0,0,4,1,0,0,0,0,0,0,1,4,3
004,1,0,3,0,3,0,2,0,2,0,0,0,0,0,0,0
004,0,0,0,4,3,0,2,0,2,0,0,0,0,0,0,0
004,0,0,3,0,0,4,2,0,2,0,0,0,0,0,0,0
004,1,0,0,4,0,4,2,0,2,0,0,0,0,0,0,0
004,0,2,3,0,3,0,0,1,2,0,0,0,0,0,0,0
004,0,0,0,4,3,0,0,1,2,0,0,0,0,0,0,0
004,0,0,3,0,0,4,0,1,2,0,0,0,0,0,0,0
004,0,0,0,4,0,4,0,1,2,0,0,0,0,0,0,0
004,0,0,3,0,3,0,2,1,2,0,0,0,0,0,0,0
004,0,0,3,0,3,0,2,0,0,1,0,0,0,0,0,0
004,0,0,0,4,3,0,2,0,0,1,0,0,0,0,0,0
004,0,0,3,0,0,4,2,0,0,1,0,0,0,0,0,0
004,1,0,0,4,0,4,2,0,0,1,0,0,0,0,0,0
004,0,2,3,0,3,0,0,1,0,1,0,0,0,0,0,0
004,0,0,0,4,3,0,0,1,0,1,0,0,0,0,0,0
004,0,0,3,0,0,4,0,1,0,1,0,0,0,0,0,0
004,0,2,0,4,0,4,0,1,0,1,0,0,0,0,0,0
004,0,0,0,4,0,4,2,1,0,1,0,0,0,0,0,0
004,0,0,0,4,0,4,2,0,2,1,0,0,0,0,0,0
004,0,0,3,0,3,0,0,1,2,1,0,0,0,0,0,0
004,1,0,0,0,3,0,2,0,0,0,4,0,0,0,0,0
004,0,2,0,4,3,0,2,0,0,0,4,0,0,0,0,0
004,1,0,0,0,0,4,2,0,0,0,4,0,0,0,0,0
004,0,2,3,0,0,4,2,0,0,0,4,0,0,0,0,0
004,0,2,0,0,3,4,2,0,0,0,4,0,0,0,0,0
004,1,0,0,0,3,0,0,1,0,0,4,0,0,0,0,0
004,0,2,0,0,3,0,0,1,0,0,4,0,0,0,0,0
004,0,2,0,0,0,4,0,1,0,0,4,0,0,0,0,0
004,1,0,3,0,0,4,0,1,0,0,4,0,0,0,0,0
004,0,0,3,0,3,0,2,0,2,0,4,0,0,0,0,0
004,0,0,0,0,3,4,2,0,2,0,4,0,0,0,0,0
004,0,0,0,0,3,0,0,1,2,0,4,0,0,0,0,0
004,0,0,0,0,0,4,0,1,2,0,4,0,0,0,0,0
004,0,0,0,0,3,0,2,0,0,1,4,0,0,0,0,0
004,0,2,0,0,0,4,2,0,0,1,4,0,0,0,0,0
004,0,0,0,0,3,0,0,1,0,1,4,0,0,0,0,0
004,0,0,0,0,0,4,2,1,0,1,4,0,0,0,0,0
004,0,0,0,0,0,4,2,0,2,1,4,0,0,0,0,0
004,1,0,0,0,3,0,2,0,0,0,0,3,0,0,0,0
004,0,2,0,4,3,0,2,0,0,0,0,3,0,0,0,0
004,1,0,0,0,0,4,2,0,0,0,0,3,0,0,0,0
004,0,2,0,0,0,4,2,0,0,0,0,3,0,0,0,0
004,0,2,0,0,3,0,0,1,0,0,0,3,0,0,0,0
004,1,0,0,4,3,0,0,1,0,0,0,3,0,0,0,0
004,0,2,0,0,0,4,0,1,0,0,0,3,0,0,0,0
004,1,0,3,0,0,4,0,1,0,0,0,3,0,0,0,0
004,1,0,0,0,3,4,0,1,0,0,0,3,0,0,0,0
004,0,0,0,0,0,4,2,0,2,0,0,3,0,0,0,0
004,1,0,0,0,3,0,0,1,2,0,0,3,0,0,0,0
004,0,0,0,0,0,4,0,1,2,0,0,3,0,0,0,0
004,0,0,0,0,3,0,2,1,2,0,0,3,0,0,0,0
004,0,0,0,0,3,0,2,0,0,1,0,3,0,0,0,0
004,0,0,0,0,0,4,2,0,0,1,0,3,0,0,0,0
004,0,0,0,4,0,4,0,1,0,1,0,3,0,0,0,0
004,0,0,0,0,3,4,0,1,0,1,0,3,0,0,0,0
004,0,0,0,0,3,0,0,1,2,1,0,3,0,0,0,0
004,0,2,0,0,3,0,2,0,0,0,4,3,0,0,0,0
004,1,0,0,0,0,4,0,1,0,0,4,3,0,0,0,0
004,0,0,0,0,3,0,2,0,2,0,4,3,0,0,0,0
004,0,0,0,0,0,4,0,1,0,1,4,3,0,0,0,0
004,1,0,3,0,0,0,2,0,0,0,0,0,4,0,0,0
004,0,2,3,0,0,0,2,0,0,0,0,0,4,0,0,0
004,1,0,0,4,0,0,2,0,0,0,0,0,4,0,0,0
004,0,2,0,4,3,0,2,0,0,0,0,0,4,0,0,0
004,0,2,3,0,0,0,0,1,0,0,0,0,4,0,0,0
004,0,2,0,4,0,0,0,1,0,0,0,0,4,0,0,0
004,1,0,3,4,0,0,0,1,0,0,0,0,4,0,0,0
004,1,0,0,4,3,0,0,1,0,0,0,0,4,0,0,0
004,1,0,3,0,0,4,0,1,0,0,0,0,4,0,0,0
004,0,0,3,0,0,0,2,0,2,0,0,0,4,0,0,0
004,0,0,0,4,0,0,0,1,2,0,0,0,4,0,0,0
004,0,2,0,4,0,0,2,0,0,1,0,0,4,0,0,0
004,0,0,3,4,0,0,2,0,0,1,0,0,4,0,0,0
004,0,0,3,4,0,0,0,1,0,1,0,0,4,0,0,0
004,0,0,3,0,3,0,0,1,0,1,0,0,4,0,0,0
004,0,0,3,0,0,0,2,1,0,1,0,0,4,0,0,0
004,0,0,0,4,0,0,2,1,0,1,0,0,4,0,0,0
004,0,0,0,4,0,0,2,0,2,1,0,0,4,0,0,0
004,0,0,3,0,0,0,0,1,2,1,0,0,4,0,0,0
004,1,0,0,0,0,0,2,0,0,0,4,0,4,0,0,0
004,0,2,0,0,3,0,2,0,0,0,4,0,4,0,0,0
004,0,2,0,0,0,0,0,1,0,0,4,0,4,0,0,0
004,1,0,3,0,0,0,0,1,0,0,4,0,4,0,0,0
004,0,0,0,0,3,0,2,0,2,0,4,0,4,0,0,0
004,0,0,0,0,0,0,0,1,2,0,4,0,4,0,0,0
004,0,2,0,0,0,0,2,0,0,1,4,0,4,0,0,0
004,0,0,3,0,0,0,0,1,0,1,4,0,4,0,0,0
004,0,0,0,0,0,0,2,1,0,1,4,0,4,0,0,0
004,0,0,0,0,0,0,2,0,2,1,4,0,4,0,0,0
004,1,0,0,0,0,0,2,0,0,0,0,3,4,0,0,0
004,0,2,0,0,0,0,2,0,0,0,0,3,4,0,0,0
004,1,0,0,0,0,0,0,1,0,0,0,3,4,0,0,0
004,0,2,0,0,0,0,0,1,0,0,0,3,4,0,0,0
004,0,0,0,0,0,0,2,0,2,0,0,3,4,0,0,0
004,0,0,0,0,0,0,0,1,2,0,0,3,4,0,0,0
004,0,0,0,0,0,0,2,0,0,1,0,3,4,0,0,0
004,0,0,0,0,0,0,0,1,0,1,0,3,4,0,0,0
004,1,0,3,0,0,0,2,0,0,0,0,0,0,3,0,0
004,1,0,0,4,0,0,2,0,0,0,0,0,0,3,0,0
004,0,2,3,4,0,0,2,0,0,0,0,0,0,3,0,0
004,0,2,0,4,3,0,2,0,0,0,0,0,0,3,0,0
004,0,2,3,0,0,4,2,0,0,0,0,0,0,3,0,0
004,0,2,3,0,0,0,0,1,0,0,0,0,0,3,0,0
004,1,0,0,4,0,0,0,1,0,0,0,0,0,3,0,0
004,0,2,0,4,0,0,0,1,0,0,0,0,0,3,0,0
004,1,0,3,0,0,4,0,1,0,0,0,0,0,3,0,0
004,0,0,3,4,0,0,2,0,2,0,0,0,0,3,0,0
004,0,0,0,4,0,4,2,0,2,0,0,0,0,3,0,0
004,1,0,3,0,0,0,0,1,2,0,0,0,0,3,0,0
004,0,0,3,4,0,0,0,1,2,0,0,0,0,3,0,0
004,0,0,3,0,0,0,2,1,2,0,0,0,0,3,0,0
004,0,0,0,4,0,0,2,1,2,0,0,0,0,3,0,0
004,0,0,3,0,0,0,2,0,0,1,0,0,0,3,0,0
004,0,0,0,4,0,0,0,1,0,1,0,0,0,3,0,0
004,0,0,0,4,0,0,2,0,2,1,0,0,0,3,0,0
004,0,0,3,0,0,0,0,1,2,1,0,0,0,3,0,0
004,1,0,0,0,0,0,2,0,0,0,4,0,0,3,0,0
004,0,2,0,0,0,0,2,0,0,0,4,0,0,3,0,0
004,1,0,0,0,0,0,0,1,0,0,4,0,0,3,0,0
004,0,2,0,0,0,0,0,1,0,0,4,0,0,3,0,0
004,0,0,0,0,0,0,2,0,2,0,4,0,0,3,0,0
004,0,0,0,0,0,0,0,1,2,0,4,0,0,3,0,0
004,0,0,0,0,0,0,2,0,0,1,4,0,0,3,0,0
004,0,0,0,0,0,0,0,1,0,1,4,0,0,3,0,0
004,1,0,0,0,0,0,2,0,0,0,0,3,0,3,0,0
004,0,2,0,4,0,0,2,0,0,0,0,3,0,3,0,0
004,0,2,0,0,0,0,0,1,0,0,0,3,0,3,0,0
004,1,0,0,0,0,4,0,1,0,0,0,3,0,3,0,0
004,0,0,0,4,0,0,2,0,2,0,0,3,0,3,0,0
004,1,0,0,0,0,0,0,1,2,0,0,3,0,3,0,0
004,0,0,0,0,0,0,2,1,2,0,0,3,0,3,0,0
004,0,0,0,0,0,0,2,0,0,1,0,3,0,3,0,0
004,0,0,0,0,0,4,0,1,0,1,0,3,0,3,0,0
004,0,0,0,0,0,0,0,1,2,1,0,3,0,3,0,0
004,0,2,0,4,0,0,2,0,0,0,0,0,4,3,0,0
004,1,0,3,0,0,0,0,1,0,0,0,0,4,3,0,0
004,0,0,0,4,0,0,2,0,2,0,0,0,4,3,0,0
004,0,0,3,0,0,0,0,1,2,0,0,0,4,3,0,0
004,0,0,0,4,0,0,2,0,0,1,0,0,4,3,0,0
004,0,0,3,0,0,0,0,1,0,1,0,0,4,3,0,0
004,1,2,3,0,3,0,0,0,0,0,0,0,0,0,1,0
004,1,0,0,4,3,0,0,0,0,0,0,0,0,0,1,0
004,0,2,0,4,3,0,0,0,0,0,0,0,0,0,1,0
004,1,0,3,0,0,4,0,0,0,0,0,0,0,0,1,0
004,0,2,3,0,0,4,0,0,0,0,0,0,0,0,1,0
004,0,2,0,4,0,4,0,0,0,0,0,0,0,0,1,0
004,1,0,3,0,3,0,2,0,0,0,0,0,0,0,1,0
004,1,0,0,4,0,4,2,0,0,0,0,0,0,0,1,0
004,0,2,3,0,3,0,0,1,0,0,0,0,0,0,1,0
004,0,0,3,0,3,0,0,0,2,0,0,0,0,0,1,0
004,0,0,0,4,3,0,0,0,2,0,0,0,0,0,1,0
004,0,0,3,0,0,4,0,0,2,0,0,0,0,0,1,0
004,0,0,0,4,0,4,0,0,2,0,0,0,0,0,1,0
004,0,2,3,0,3,0,0,0,0,1,0,0,0,0,1,0
004,0,0,0,4,3,0,0,0,0,1,0,0,0,0,1,0
004,0,0,3,0,0,4,0,0,0,1,0,0,0,0,1,0
004,0,0,0,4,0,4,2,0,0,1,0,0,0,0,1,0
004,1,0,0,0,3,0,0,0,0,0,4,0,0,0,1,0
004,0,2,0,0,0,4,0,0,0,0,4,0,0,0,1,0
004,0,0,0,0,3,0,0,0,2,0,4,0,0,0,1,0
004,0,0,0,0,0,4,0,0,2,0,4,0,0,0,1,0
004,0,0,0,0,3,0,0,0,0,1,4,0,0,0,1,0
004,0,0,0,0,0,4,2,0,0,1,4,0,0,0,1,0
004,1,2,0,0,3,0,0,0,0,0,0,3,0,0,1,0
004,1,2,0,0,0,4,0,0,0,0,0,3,0,0,1,0
004,1,0,0,4,0,4,0,0,0,0,0,3,0,0,1,0
004,1,0,0,0,3,4,0,0,0,0,0,3,0,0,1,0
004,0,2,0,0,3,4,0,0,0,0,0,3,0,0,1,0
004,0,2,0,0,3,0,2,0,0,0,0,3,0,0,1,0
004,0,0,0,0,3,0,0,0,2,0,0,3,0,0,1,0
004,0,0,0,0,0,4,0,0,2,0,0,3,0,0,1,0
004,0,2,0,0,3,0,0,0,0,1,0,3,0,0,1,0
004,0,0,0,4,0,4,0,0,0,1,0,3,0,0,1,0
004,0,0,0,0,3,4,0,0,0,1,0,3,0,0,1,0
004,0,2,0,0,3,0,0,0,0,0,4,3,0,0,1,0
004,1,0,0,0,0,4,0,0,0,0,4,3,0,0,1,0
004,0,0,0,0,0,4,0,0,0,1,4,3,0,0,1,0
004,0,2,3,0,0,0,0,0,0,0,0,0,4,0,1,0
004,0,2,0,4,0,0,0,0,0,0,0,0,4,0,1,0
004,1,0,3,4,0,0,0,0,0,0,0,0,4,0,1,0
004,1,0,3,0,3,0,0,0,0,0,0,0,4,0,1,0
004,0,0,3,0,0,0,0,0,2,0,0,0,4,0,1,0
004,0,0,0,4,0,0,0,0,2,0,0,0,4,0,1,0
004,0,0,3,4,0,0,0,0,0,1,0,0,4,0,1,0
004,0,0,3,0,3,0,0,0,0,1,0,0,4,0,1,0
004,0,0,0,4,0,0,2,0,0,1,0,0,4,0,1,0
004,0,2,0,0,0,0,0,0,0,0,4,0,4,0,1,0
004,1,0,3,0,0,0,0,0,0,0,4,0,4,0,1,0
004,1,0,0,0,0,0,0,0,2,0,4,0,4,0,1,0
004,0,0,0,0,0,0,2,0,2,0,4,0,4,0,1,0
004,1,0,0,0,0,0,0,0,0,0,0,3,4,0,1,0
004,0,2,0,0,0,0,0,0,0,0,0,3,4,0,1,0
004,0,0,3,0,0,0,0,0,0,1,0,3,4,0,1,0
004,0,0,0,4,0,0,0,0,0,1,0,3,4,0,1,0
004,0,0,0,0,3,0,0,0,0,1,0,3,4,0,1,0
004,0,0,0,0,0,4,0,0,0,1,0,3,4,0,1,0
004,1,2,3,0,0,0,0,0,0,0,0,0,0,3,1,0
004,1,0,0,4,0,0,0,0,0,0,0,0,0,3,1,0
004,0,2,0,4,0,0,0,0,0,0,0,0,0,3,1,0
004,0,2,3,0,0,0,2,0,0,0,0,0,0,3,1,0
004,0,0,3,0,0,0,0,0,2,0,0,0,0,3,1,0
004,0,0,0,4,0,0,0,0,2,0,0,0,0,3,1,0
004,0,2,3,0,0,0,0,0,0,1,0,0,0,3,1,0
004,0,0,0,4,0,0,0,0,0,1,0,0,0,3,1,0
004,1,0,0,0,0,0,0,0,0,0,4,0,0,3,1,0
004,0,2,0,0,0,0,0,0,0,0,4,0,0,3,1,0
004,0,0,3,0,0,0,0,0,0,1,4,0,0,3,1,0
004,0,0,0,0,0,4,0,0,0,1,4,0,0,3,1,0
004,1,2,0,0,0,0,0,0,0,0,0,3,0,3,1,0
004,1,0,0,0,0,4,0,0,0,0,0,3,0,3,1,0
004,0,2,0,0,0,0,2,0,0,0,0,3,0,3,1,0
004,1,0,0,0,0,0,0,0,2,0,0,3,0,3,1,0
004,0,2,0,0,0,0,0,0,2,0,0,3,0,3,1,0
004,0,0,0,0,0,0,2,0,2,0,0,3,0,3,1,0
004,0,0,0,0,0,0,0,1,2,0,0,3,0,3,1,0
004,1,0,3,0,0,0,0,0,0,0,0,0,4,3,1,0
004,0,0,3,0,0,0,0,0,0,1,0,0,4,3,1,0
004,1,0,3,0,3,0,0,0,0,0,0,0,0,0,0,2
004,1,0,0,4,3,0,0,0,0,0,0,0,0,0,0,2
004,0,2,0,4,3,0,0,0,0,0,0,0,0,0,0,2
004,1,0,3,0,0,4,0,0,0,0,0,0,0,0,0,2
004,0,2,3,0,0,4,0,0,0,0,0,0,0,0,0,2
004,1,2,0,4,0,4,0,0,0,0,0,0,0,0,0,2
004,1,0,0,4,0,4,2,0,0,0,0,0,0,0,0,2
004,0,2,3,0,3,0,0,1,0,0,0,0,0,0,0,2
004,0,2,0,4,0,4,0,1,0,0,0,0,0,0,0,2
004,0,0,0,4,3,0,0,0,2,0,0,0,0,0,0,2
004,0,0,3,0,0,4,0,0,2,0,0,0,0,0,0,2
004,1,0,0,4,0,4,0,0,2,0,0,0,0,0,0,2
004,0,0,3,0,3,0,0,1,2,0,0,0,0,0,0,2
004,0,0,3,0,3,0,0,0,0,1,0,0,0,0,0,2
004,0,0,0,4,3,0,0,0,0,1,0,0,0,0,0,2
004,0,0,3,0,0,4,0,0,0,1,0,0,0,0,0,2
004,0,0,0,4,0,4,0,0,0,1,0,0,0,0,0,2
004,1,2,0,0,3,0,0,0,0,0,4,0,0,0,0,2
004,0,2,3,0,3,0,0,0,0,0,4,0,0,0,0,2
004,1,2,0,0,0,4,0,0,0,0,4,0,0,0,0,2
004,1,0,0,0,3,4,0,0,0,0,4,0,0,0,0,2
004,0,2,0,0,3,4,0,0,0,0,4,0,0,0,0,2
004,1,0,0,0,0,4,0,1,0,0,4,0,0,0,0,2
004,0,0,3,0,3,0,0,0,2,0,4,0,0,0,0,2
004,1,0,0,0,0,4,0,0,2,0,4,0,0,0,0,2
004,0,0,0,0,3,4,0,0,2,0,4,0,0,0,0,2
004,0,0,0,0,3,0,0,0,0,1,4,0,0,0,0,2
004,0,0,0,0,0,4,0,0,0,1,4,0,0,0,0,2
004,1,0,0,0,3,0,0,0,0,0,0,3,0,0,0,2
004,0,2,0,0,0,4,0,0,0,0,0,3,0,0,0,2
004,0,0,0,0,0,4,0,0,2,0,0,3,0,0,0,2
004,0,0,0,0,3,0,0,1,2,0,0,3,0,0,0,2
004,0,0,0,0,3,0,0,0,0,1,0,3,0,0,0,2
004,0,0,0,0,0,4,0,0,0,1,0,3,0,0,0,2
004,0,2,0,0,3,0,0,0,0,0,4,3,0,0,0,2
004,1,0,0,0,0,4,0,0,0,0,4,3,0,0,0,2
004,0,0,0,0,3,0,0,0,2,0,4,3,0,0,0,2
004,1,0,3,0,0,0,0,0,0,0,0,0,4,0,0,2
004,0,2,3,0,0,0,0,0,0,0,0,0,4,0,0,2
004,1,2,0,4,0,0,0,0,0,0,0,0,4,0,0,2
004,1,0,0,4,0,0,0,1,0,0,0,0,4,0,0,2
004,0,0,3,0,0,0,0,0,2,0,0,0,4,0,0,2
004,1,0,0,4,0,0,0,0,2,0,0,0,4,0,0,2
004,0,0,3,0,0,0,0,0,0,1,0,0,4,0,0,2
004,0,0,0,4,0,0,0,0,0,1,0,0,4,0,0,2
004,1,2,0,0,0,0,0,0,0,0,4,0,4,0,0,2
004,0,2,0,0,3,0,0,0,0,0,4,0,4,0,0,2
004,1,0,0,0,0,0,0,1,0,0,4,0,4,0,0,2
004,1,0,0,0,0,0,0,0,0,1,4,0,4,0,0,2
004,0,2,0,0,0,0,0,0,0,1,4,0,4,0,0,2
004,0,0,0,0,0,0,2,0,0,1,4,0,4,0,0,2
004,0,0,0,0,0,0,0,1,0,1,4,0,4,0,0,2
004,1,0,0,0,0,0,0,0,0,0,0,3,4,0,0,2
004,0,2,0,0,0,0,0,0,0,0,0,3,4,0,0,2
004,0,0,0,4,0,0,0,0,2,0,0,3,4,0,0,2
004,0,0,0,0,3,0,0,0,2,0,0,3,4,0,0,2
004,1,0,3,0,0,0,0,0,0,0,0,0,0,3,0,2
004,1,0,0,4,0,0,0,0,0,0,0,0,0,3,0,2
004,0,2,3,4,0,0,0,0,0,0,0,0,0,3,0,2
004,0,2,0,4,0,4,0,0,0,0,0,0,0,3,0,2
004,0,0,3,4,0,0,0,0,2,0,0,0,0,3,0,2
004,0,0,0,4,0,4,0,0,2,0,0,0,0,3,0,2
004,0,0,3,0,0,0,0,1,2,0,0,0,0,3,0,2
004,0,0,3,0,0,0,0,0,0,1,0,0,0,3,0,2
004,0,0,0,4,0,0,0,0,0,1,0,0,0,3,0,2
004,1,0,0,0,0,0,0,0,0,0,4,0,0,3,0,2
004,0,2,0,0,0,0,0,0,0,0,4,0,0,3,0,2
004,0,0,3,0,0,0,0,0,2,0,4,0,0,3,0,2
004,0,0,0,4,0,0,0,0,2,0,4,0,0,3,0,2
004,0,0,0,0,3,0,0,0,2,0,4,0,0,3,0,2
004,0,0,0,0,0,4,0,0,2,0,4,0,0,3,0,2
004,1,0,0,0,0,0,0,0,0,0,0,3,0,3,0,2
004,0,2,0,4,0,0,0,0,0,0,0,3,0,3,0,2
004,0,2,0,0,0,0,0,0,0,1,0,3,0,3,0,2
004,0,0,0,0,0,0,0,1,0,1,0,3,0,3,0,2
004,0,2,0,4,0,0,0,0,0,0,0,0,4,3,0,2
004,0,0,0,4,0,0,0,0,2,0,0,0,4,3,0,2
004,0,2,3,0,3,0,0,0,0,0,0,0,0,0,1,2
004,1,0,0,4,0,4,0,0,0,0,0,0,0,0,1,2
004,0,2,0,0,3,0,0,0,0,0,4,0,0,0,1,2
004,1,0,0,0,0,4,0,0,0,0,4,0,0,0,1,2
004,0,2,0,0,3,0,0,0,0,0,0,3,0,0,1,2
004,1,0,0,0,0,4,0,0,0,0,0,3,0,0,1,2
004,1,0,0,4,0,0,0,0,0,0,0,0,4,0,1,2
004,1,0,0,0,0,0,0,0,0,0,4,0,4,0,1,2
004,0,2,3,0,0,0,0,0,0,0,0,0,0,3,1,2
004,0,2,0,0,0,0,0,0,0,0,0,3,0,3,1,2
005,1,0,3,0,0,0,2,0,4,0,0,0,0,0,0,0
005,0,2,3,0,0,0,2,0,4,0,0,0,0,0,0,0
005,1,0,0,4,0,0,2,0,4,0,0,0,0,0,0,0
005,0,2,0,4,3,0,2,0,4,0,0,0,0,0,0,0
005,0,2,3,0,0,0,0,1,4,0,0,0,0,0,0,0
005,0,2,0,4,0,0,0,1,4,0,0,0,0,0,0,0
005,1,0,3,4,0,0,0,1,4,0,0,0,0,0,0,0
005,1,0,0,4,3,0,0,1,4,0,0,0,0,0,0,0
005,1,0,3,0,0,4,0,1,4,0,0,0,0,0,0,0
005,1,0,3,0,0,0,2,0,0,3,0,0,0,0,0,0
005,1,0,0,4,0,0,2,0,0,3,0,0,0,0,0,0
005,0,2,3,4,0,0,2,0,0,3,0,0,0,0,0,0
005,0,2,0,4,3,0,2,0,0,3,0,0,0,0,0,0
005,0,2,3,0,0,4,2,0,0,3,0,0,0,0,0,0
005,0,2,3,0,0,0,0,1,0,3,0,0,0,0,0,0
005,1,0,0,4,0,0,0,1,0,3,0,0,0,0,0,0
005,0,2,0,4,0,0,0,1,0,3,0,0,0,0,0,0
005,1,0,3,0,0,4,0,1,0,3,0,0,0,0,0,0
005,0,2,0,4,0,0,2,0,4,3,0,0,0,0,0,0
005,1,0,3,0,0,0,0,1,4,3,0,0,0,0,0,0
005,1,2,3,0,3,0,0,0,0,0,1,0,0,0,0,0
005,1,0,0,4,3,0,0,0,0,0,1,0,0,0,0,0
005,0,2,0,4,3,0,0,0,0,0,1,0,0,0,0,0
005,1,0,3,0,0,4,0,0,0,0,1,0,0,0,0,0
005,0,2,3,0,0,4,0,0,0,0,1,0,0,0,0,0
005,0,2,0,4,0,4,0,0,0,0,1,0,0,0,0,0
005,1,0,3,0,3,0,2,0,0,0,1,0,0,0,0,0
005,1,0,0,4,0,4,2,0,0,0,1,0,0,0,0,0
005,0,2,3,0,3,0,0,1,0,0,1,0,0,0,0,0
005,0,2,3,0,0,0,0,0,4,0,1,0,0,0,0,0
005,0,2,0,4,0,0,0,0,4,0,1,0,0,0,0,0
005,1,0,3,4,0,0,0,0,4,0,1,0,0,0,0,0
005,1,0,3,0,3,0,0,0,4,0,1,0,0,0,0,0
005,1,2,3,0,0,0,0,0,0,3,1,0,0,0,0,0
005,1,0,0,4,0,0,0,0,0,3,1,0,0,0,0,0
005,0,2,0,4,0,0,0,0,0,3,1,0,0,0,0,0
005,0,2,3,0,0,0,2,0,0,3,1,0,0,0,0,0
005,1,0,3,0,0,0,0,0,4,3,1,0,0,0,0,0
005,1,0,3,0,3,0,0,0,0,0,0,2,0,0,0,0
005,1,0,0,4,3,0,0,0,0,0,0,2,0,0,0,0
005,0,2,0,4,3,0,0,0,0,0,0,2,0,0,0,0
005,1,0,3,0,0,4,0,0,0,0,0,2,0,0,0,0
005,0,2,3,0,0,4,0,0,0,0,0,2,0,0,0,0
005,1,2,0,4,0,4,0,0,0,0,0,2,0,0,0,0
005,1,0,0,4,0,4,2,0,0,0,0,2,0,0,0,0
005,0,2,3,0,3,0,0,1,0,0,0,2,0,0,0,0
005,0,2,0,4,0,4,0,1,0,0,0,2,0,0,0,0
005,1,0,3,0,0,0,0,0,4,0,0,2,0,0,0,0
005,0,2,3,0,0,0,0,0,4,0,0,2,0,0,0,0
005,1,2,0,4,0,0,0,0,4,0,0,2,0,0,0,0
005,1,0,0,4,0,0,0,1,4,0,0,2,0,0,0,0
005,1,0,3,0,0,0,0,0,0,3,0,2,0,0,0,0
005,1,0,0,4,0,0,0,0,0,3,0,2,0,0,0,0
005,0,2,3,4,0,0,0,0,0,3,0,2,0,0,0,0
005,0,2,0,4,0,4,0,0,0,3,0,2,0,0,0,0
005,0,2,0,4,0,0,0,0,4,3,0,2,0,0,0,0
005,0,2,3,0,3,0,0,0,0,0,1,2,0,0,0,0
005,1,0,0,4,0,4,0,0,0,0,1,2,0,0,0,0
005,1,0,0,4,0,0,0,0,4,0,1,2,0,0,0,0
005,0,2,3,0,0,0,0,0,0,3,1,2,0,0,0,0
005,1,0,3,0,3,0,2,0,0,0,0,0,2,0,0,0
005,0,0,0,4,3,0,2,0,0,0,0,0,2,0,0,0
005,0,0,3,0,0,4,2,0,0,0,0,0,2,0,0,0
005,1,0,0,4,0,4,2,0,0,0,0,0,2,0,0,0
005,0,2,3,0,3,0,0,1,0,0,0,0,2,0,0,0
005,0,0,0,4,3,0,0,1,0,0,0,0,2,0,0,0
005,0,0,3,0,0,4,0,1,0,0,0,0,2,0,0,0
005,0,0,0,4,0,4,0,1,0,0,0,0,2,0,0,0
005,0,0,3,0,3,0,2,1,0,0,0,0,2,0,0,0
005,0,0,3,0,0,0,2,0,4,0,0,0,2,0,0,0
005,0,0,0,4,0,0,0,1,4,0,0,0,2,0,0,0
005,0,0,3,4,0,0,2,0,0,3,0,0,2,0,0,0
005,0,0,0,4,0,4,2,0,0,3,0,0,2,0,0,0
005,1,0,3,0,0,0,0,1,0,3,0,0,2,0,0,0
005,0,0,3,4,0,0,0,1,0,3,0,0,2,0,0,0
005,0,0,3,0,0,0,2,1,0,3,0,0,2,0,0,0
005,0,0,0,4,0,0,2,1,0,3,0,0,2,0,0,0
005,0,0,0,4,0,0,2,0,4,3,0,0,2,0,0,0
005,0,0,3,0,0,0,0,1,4,3,0,0,2,0,0,0
005,0,0,3,0,3,0,0,0,0,0,1,0,2,0,0,0
005,0,0,0,4,3,0,0,0,0,0,1,0,2,0,0,0
005,0,0,3,0,0,4,0,0,0,0,1,0,2,0,0,0
005,0,0,0,4,0,4,0,0,0,0,1,0,2,0,0,0
005,0,0,3,0,0,0,0,0,4,0,1,0,2,0,0,0
005,0,0,0,4,0,0,0,0,4,0,1,0,2,0,0,0
005,0,0,3,0,0,0,0,0,0,3,1,0,2,0,0,0
005,0,0,0,4,0,0,0,0,0,3,1,0,2,0,0,0
005,0,0,0,4,3,0,0,0,0,0,0,2,2,0,0,0
005,0,0,3,0,0,4,0,0,0,0,0,2,2,0,0,0
005,1,0,0,4,0,4,0,0,0,0,0,2,2,0,0,0
005,0,0,3,0,3,0,0,1,0,0,0,2,2,0,0,0
005,0,0,3,0,0,0,0,0,4,0,0,2,2,0,0,0
005,1,0,0,4,0,0,0,0,4,0,0,2,2,0,0,0
005,0,0,3,4,0,0,0,0,0,3,0,2,2,0,0,0
005,0,0,0,4,0,4,0,0,0,3,0,2,2,0,0,0
005,0,0,3,0,0,0,0,1,0,3,0,2,2,0,0,0
005,0,0,0,4,0,0,0,0,4,3,0,2,2,0,0,0
005,0,0,3,0,3,0,2,0,0,0,0,0,0,1,0,0
005,0,0,0,4,3,0,2,0,0,0,0,0,0,1,0,0
005,0,0,3,0,0,4,2,0,0,0,0,0,0,1,0,0
005,1,0,0,4,0,4,2,0,0,0,0,0,0,1,0,0
005,0,2,3,0,3,0,0,1,0,0,0,0,0,1,0,0
005,0,0,0,4,3,0,0,1,0,0,0,0,0,1,0,0
005,0,0,3,0,0,4,0,1,0,0,0,0,0,1,0,0
005,0,2,0,4,0,4,0,1,0,0,0,0,0,1,0,0
005,0,0,0,4,0,4,2,1,0,0,0,0,0,1,0,0
005,0,2,0,4,0,0,2,0,4,0,0,0,0,1,0,0
005,0,0,3,4,0,0,2,0,4,0,0,0,0,1,0,0
005,0,0,3,4,0,0,0,1,4,0,0,0,0,1,0,0
005,0,0,3,0,3,0,0,1,4,0,0,0,0,1,0,0
005,0,0,3,0,0,0,2,1,4,0,0,0,0,1,0,0
005,0,0,0,4,0,0,2,1,4,0,0,0,0,1,0,0
005,0,0,3,0,0,0,2,0,0,3,0,0,0,1,0,0
005,0,0,0,4,0,0,0,1,0,3,0,0,0,1,0,0
005,0,0,0,4,0,0,2,0,4,3,0,0,0,1,0,0
005,0,0,3,0,0,0,0,1,4,3,0,0,0,1,0,0
005,0,2,3,0,3,0,0,0,0,0,1,0,0,1,0,0
005,0,0,0,4,3,0,0,0,0,0,1,0,0,1,0,0
005,0,0,3,0,0,4,0,0,0,0,1,0,0,1,0,0
005,0,0,0,4,0,4,2,0,0,0,1,0,0,1,0,0
005,0,0,3,4,0,0,0,0,4,0,1,0,0,1,0,0
005,0,0,3,0,3,0,0,0,4,0,1,0,0,1,0,0
005,0,0,0,4,0,0,2,0,4,0,1,0,0,1,0,0
005,0,2,3,0,0,0,0,0,0,3,1,0,0,1,0,0
005,0,0,0,4,0,0,0,0,0,3,1,0,0,1,0,0
005,0,0,3,0,0,0,0,0,4,3,1,0,0,1,0,0
005,0,0,3,0,3,0,0,0,0,0,0,2,0,1,0,0
005,0,0,0,4,3,0,0,0,0,0,0,2,0,1,0,0
005,0,0,3,0,0,4,0,0,0,0,0,2,0,1,0,0
005,0,0,0,4,0,4,0,0,0,0,0,2,0,1,0,0
005,0,0,3,0,0,0,0,0,4,0,0,2,0,1,0,0
005,0,0,0,4,0,0,0,0,4,0,0,2,0,1,0,0
005,0,0,3,0,0,0,0,0,0,3,0,2,0,1,0,0
005,0,0,0,4,0,0,0,0,0,3,0,2,0,1,0,0
005,0,0,0,4,0,4,2,0,0,0,0,0,2,1,0,0
005,0,0,3,0,3,0,0,1,0,0,0,0,2,1,0,0
005,0,0,0,4,0,0,2,0,4,0,0,0,2,1,0,0
005,0,0,3,0,0,0,0,1,4,0,0,0,2,1,0,0
005,0,0,0,4,0,0,2,0,0,3,0,0,2,1,0,0
005,0,0,3,0,0,0,0,1,0,3,0,0,2,1,0,0
005,1,0,0,0,3,0,2,0,0,0,0,0,0,0,4,0
005,0,2,0,4,3,0,2,0,0,0,0,0,0,0,4,0
005,1,0,0,0,0,4,2,0,0,0,0,0,0,0,4,0
005,0,2,3,0,0,4,2,0,0,0,0,0,0,0,4,0
005,0,2,0,0,3,4,2,0,0,0,0,0,0,0,4,0
005,1,0,0,0,3,0,0,1,0,0,0,0,0,0,4,0
005,0,2,0,0,3,0,0,1,0,0,0,0,0,0,4,0
005,0,2,0,0,0,4,0,1,0,0,0,0,0,0,4,0
005,1,0,3,0,0,4,0,1,0,0,0,0,0,0,4,0
005,1,0,0,0,0,0,2,0,4,0,0,0,0,0,4,0
005,0,2,0,0,3,0,2,0,4,0,0,0,0,0,4,0
005,0,2,0,0,0,0,0,1,4,0,0,0,0,0,4,0
005,1,0,3,0,0,0,0,1,4,0,0,0,0,0,4,0
005,1,0,0,0,0,0,2,0,0,3,0,0,0,0,4,0
005,0,2,0,0,0,0,2,0,0,3,0,0,0,0,4,0
005,1,0,0,0,0,0,0,1,0,3,0,0,0,0,4,0
005,0,2,0,0,0,0,0,1,0,3,0,0,0,0,4,0
005,1,0,0,0,3,0,0,0,0,0,1,0,0,0,4,0
005,0,2,0,0,0,4,0,0,0,0,1,0,0,0,4,0
005,0,2,0,0,0,0,0,0,4,0,1,0,0,0,4,0
005,1,0,3,0,0,0,0,0,4,0,1,0,0,0,4,0
005,1,0,0,0,0,0,0,0,0,3,1,0,0,0,4,0
005,0,2,0,0,0,0,0,0,0,3,1,0,0,0,4,0
005,1,2,0,0,3,0,0,0,0,0,0,2,0,0,4,0
005,0,2,3,0,3,0,0,0,0,0,0,2,0,0,4,0
005,1,2,0,0,0,4,0,0,0,0,0,2,0,0,4,0
005,1,0,0,0,3,4,0,0,0,0,0,2,0,0,4,0
005,0,2,0,0,3,4,0,0,0,0,0,2,0,0,4,0
005,1,0,0,0,0,4,0,1,0,0,0,2,0,0,4,0
005,1,2,0,0,0,0,0,0,4,0,0,2,0,0,4,0
005,0,2,0,0,3,0,0,0,4,0,0,2,0,0,4,0
005,1,0,0,0,0,0,0,1,4,0,0,2,0,0,4,0
005,1,0,0,0,0,0,0,0,0,3,0,2,0,0,4,0
005,0,2,0,0,0,0,0,0,0,3,0,2,0,0,4,0
005,0,2,0,0,3,0,0,0,0,0,1,2,0,0,4,0
005,1,0,0,0,0,4,0,0,0,0,1,2,0,0,4,0
005,1,0,0,0,0,0,0,0,4,0,1,2,0,0,4,0
005,0,0,3,0,3,0,2,0,0,0,0,0,2,0,4,0
005,0,0,0,0,3,4,2,0,0,0,0,0,2,0,4,0
005,0,0,0,0,3,0,0,1,0,0,0,0,2,0,4,0
005,0,0,0,0,0,4,0,1,0,0,0,0,2,0,4,0
005,0,0,0,0,3,0,2,0,4,0,0,0,2,0,4,0
005,0,0,0,0,0,0,0,1,4,0,0,0,2,0,4,0
005,0,0,0,0,0,0,2,0,0,3,0,0,2,0,4,0
005,0,0,0,0,0,0,0,1,0,3,0,0,2,0,4,0
005,0,0,0,0,3,0,0,0,0,0,1,0,2,0,4,0
005,0,0,0,0,0,4,0,0,0,0,1,0,2,0,4,0
005,1,0,0,0,0,0,0,0,4,0,1,0,2,0,4,0
005,0,0,0,0,0,0,2,0,4,0,1,0,2,0,4,0
005,0,0,3,0,3,0,0,0,0,0,0,2,2,0,4,0
005,1,0,0,0,0,4,0,0,0,0,0,2,2,0,4,0
005,0,0,0,0,3,4,0,0,0,0,0,2,2,0,4,0
005,0,0,3,0,0,0,0,0,0,3,0,2,2,0,4,0
005,0,0,0,4,0,0,0,0,0,3,0,2,2,0,4,0
005,0,0,0,0,3,0,0,0,0,3,0,2,2,0,4,0
005,0,0,0,0,0,4,0,0,0,3,0,2,2,0,4,0
005,0,0,0,0,3,0,2,0,0,0,0,0,0,1,4,0
005,0,2,0,0,0,4,2,0,0,0,0,0,0,1,4,0
005,0,0,0,0,3,0,0,1,0,0,0,0,0,1,4,0
005,0,0,0,0,0,4,2,1,0,0,0,0,0,1,4,0
005,0,2,0,0,0,0,2,0,4,0,0,0,0,1,4,0
005,0,0,3,0,0,0,0,1,4,0,0,0,0,1,4,0
005,0,0,0,0,0,0,2,1,4,0,0,0,0,1,4,0
005,0,0,0,0,0,0,2,0,0,3,0,0,0,1,4,0
005,0,0,0,0,0,0,0,1,0,3,0,0,0,1,4,0
005,0,0,0,0,3,0,0,0,0,0,1,0,0,1,4,0
005,0,0,0,0,0,4,2,0,0,0,1,0,0,1,4,0
005,0,0,3,0,0,0,0,0,0,3,1,0,0,1,4,0
005,0,0,0,0,0,4,0,0,0,3,1,0,0,1,4,0
005,0,0,0,0,3,0,0,0,0,0,0,2,0,1,4,0
005,0,0,0,0,0,4,0,0,0,0,0,2,0,1,4,0
005,1,0,0,0,0,0,0,0,4,0,0,2,0,1,4,0
005,0,2,0,0,0,0,0,0,4,0,0,2,0,1,4,0
005,0,0,0,0,0,0,2,0,4,0,0,2,0,1,4,0
005,0,0,0,0,0,0,0,1,4,0,0,2,0,1,4,0
005,0,0,0,0,0,4,2,0,0,0,0,0,2,1,4,0
005,0,0,0,0,0,0,2,0,4,0,0,0,2,1,4,0
005,1,0,0,0,3,0,2,0,0,0,0,0,0,0,0,3
005,0,2,0,4,3,0,2,0,0,0,0,0,0,0,0,3
005,1,0,0,0,0,4,2,0,0,0,0,0,0,0,0,3
005,0,2,0,0,0,4,2,0,0,0,0,0,0,0,0,3
005,0,2,0,0,3,0,0,1,0,0,0,0,0,0,0,3
005,1,0,0,4,3,0,0,1,0,0,0,0,0,0,0,3
005,0,2,0,0,0,4,0,1,0,0,0,0,0,0,0,3
005,1,0,3,0,0,4,0,1,0,0,0,0,0,0,0,3
005,1,0,0,0,3,4,0,1,0,0,0,0,0,0,0,3
005,1,0,0,0,0,0,2,0,4,0,0,0,0,0,0,3
005,0,2,0,0,0,0,2,0,4,0,0,0,0,0,0,3
005,1,0,0,0,0,0,0,1,4,0,0,0,0,0,0,3
005,0,2,0,0,0,0,0,1,4,0,0,0,0,0,0,3
005,1,0,0,0,0,0,2,0,0,3,0,0,0,0,0,3
005,0,2,0,4,0,0,2,0,0,3,0,0,0,0,0,3
005,0,2,0,0,0,0,0,1,0,3,0,0,0,0,0,3
005,1,0,0,0,0,4,0,1,0,3,0,0,0,0,0,3
005,1,2,0,0,3,0,0,0,0,0,1,0,0,0,0,3
005,1,2,0,0,0,4,0,0,0,0,1,0,0,0,0,3
005,1,0,0,4,0,4,0,0,0,0,1,0,0,0,0,3
005,1,0,0,0,3,4,0,0,0,0,1,0,0,0,0,3
005,0,2,0,0,3,4,0,0,0,0,1,0,0,0,0,3
005,0,2,0,0,3,0,2,0,0,0,1,0,0,0,0,3
005,1,0,0,0,0,0,0,0,4,0,1,0,0,0,0,3
005,0,2,0,0,0,0,0,0,4,0,1,0,0,0,0,3
005,1,2,0,0,0,0,0,0,0,3,1,0,0,0,0,3
005,1,0,0,0,0,4,0,0,0,3,1,0,0,0,0,3
005,0,2,0,0,0,0,2,0,0,3,1,0,0,0,0,3
005,1,0,0,0,3,0,0,0,0,0,0,2,0,0,0,3
005,0,2,0,0,0,4,0,0,0,0,0,2,0,0,0,3
005,1,0,0,0,0,0,0,0,4,0,0,2,0,0,0,3
005,0,2,0,0,0,0,0,0,4,0,0,2,0,0,0,3
005,1,0,0,0,0,0,0,0,0,3,0,2,0,0,0,3
005,0,2,0,4,0,0,0,0,0,3,0,2,0,0,0,3
005,0,2,0,0,3,0,0,0,0,0,1,2,0,0,0,3
005,1,0,0,0,0,4,0,0,0,0,1,2,0,0,0,3
005,0,2,0,0,0,0,0,0,0,3,1,2,0,0,0,3
005,0,0,0,0,0,4,2,0,0,0,0,0,2,0,0,3
005,1,0,0,0,3,0,0,1,0,0,0,0,2,0,0,3
005,0,0,0,0,0,4,0,1,0,0,0,0,2,0,0,3
005,0,0,0,0,3,0,2,1,0,0,0,0,2,0,0,3
005,0,0,0,0,0,0,2,0,4,0,0,0,2,0,0,3
005,0,0,0,0,0,0,0,1,4,0,0,0,2,0,0,3
005,0,0,0,4,0,0,2,0,0,3,0,0,2,0,0,3
005,1,0,0,0,0,0,0,1,0,3,0,0,2,0,0,3
005,0,0,0,0,0,0,2,1,0,3,0,0,2,0,0,3
005,0,0,0,0,3,0,0,0,0,0,1,0,2,0,0,3
005,0,0,0,0,0,4,0,0,0,0,1,0,2,0,0,3
005,1,0,0,0,0,0,0,0,0,3,1,0,2,0,0,3
005,0,2,0,0,0,0,0,0,0,3,1,0,2,0,0,3
005,0,0,0,0,0,0,2,0,0,3,1,0,2,0,0,3
005,0,0,0,0,0,0,0,1,0,3,1,0,2,0,0,3
005,0,0,0,0,0,4,0,0,0,0,0,2,2,0,0,3
005,0,0,0,0,3,0,0,1,0,0,0,2,2,0,0,3
005,0,0,0,4,0,0,0,0,4,0,0,2,2,0,0,3
005,0,0,0,0,3,0,0,0,4,0,0,2,2,0,0,3
005,0,0,0,0,3,0,2,0,0,0,0,0,0,1,0,3
005,0,0,0,0,0,4,2,0,0,0,0,0,0,1,0,3
005,0,0,0,4,0,4,0,1,0,0,0,0,0,1,0,3
005,0,0,0,0,3,4,0,1,0,0,0,0,0,1,0,3
005,0,0,0,0,0,0,2,0,4,0,0,0,0,1,0,3
005,0,0,0,0,0,0,0,1,4,0,0,0,0,1,0,3
005,0,0,0,0,0,0,2,0,0,3,0,0,0,1,0,3
005,0,0,0,0,0,4,0,1,0,3,0,0,0,1,0,3
005,0,2,0,0,3,0,0,0,0,0,1,0,0,1,0,3
005,0,0,0,4,0,4,0,0,0,0,1,0,0,1,0,3
005,0,0,0,0,3,4,0,0,0,0,1,0,0,1,0,3
005,0,0,3,0,0,0,0,0,4,0,1,0,0,1,0,3
005,0,0,0,4,0,0,0,0,4,0,1,0,0,1,0,3
005,0,0,0,0,3,0,0,0,4,0,1,0,0,1,0,3
005,0,0,0,0,0,4,0,0,4,0,1,0,0,1,0,3
005,0,0,0,0,3,0,0,0,0,0,0,2,0,1,0,3
005,0,0,0,0,0,4,0,0,0,0,0,2,0,1,0,3
005,0,2,0,0,0,0,0,0,0,3,0,2,0,1,0,3
005,0,0,0,0,0,0,0,1,0,3,0,2,0,1,0,3
005,0,0,0,0,3,0,0,1,0,0,0,0,2,1,0,3
005,0,0,0,0,0,0,0,1,0,3,0,0,2,1,0,3
005,0,2,0,0,3,0,2,0,0,0,0,0,0,0,4,3
005,1,0,0,0,0,4,0,1,0,0,0,0,0,0,4,3
005,0,2,0,0,3,0,0,0,0,0,1,0,0,0,4,3
005,1,0,0,0,0,4,0,0,0,0,1,0,0,0,4,3
005,0,2,0,0,3,0,0,0,0,0,0,2,0,0,4,3
005,1,0,0,0,0,4,0,0,0,0,0,2,0,0,4,3
005,0,0,0,0,3,0,2,0,0,0,0,0,2,0,4,3
005,0,0,0,0,3,0,0,0,0,0,0,2,2,0,4,3
005,0,0,0,0,0,4,0,1,0,0,0,0,0,1,4,3
005,0,0,0,0,0,4,0,0,0,0,1,0,0,1,4,3
006,0,0,3,0,4,0,1,0,2,0,0,0,0,0,0,0
006,0,2,0,4,4,0,1,0,2,0,0,0,0,0,0,0
006,0,0,3,0,0,3,1,0,2,0,0,0,0,0,0,0
006,0,0,0,4,0,3,1,0,2,0,0,0,0,0,0,0
006,0,0,3,0,4,0,0,2,2,0,0,0,0,0,0,0
006,1,0,0,4,4,0,0,2,2,0,0,0,0,0,0,0
006,1,0,3,0,0,3,0,2,2,0,0,0,0,0,0,0
006,0,0,0,4,0,3,0,2,2,0,0,0,0,0,0,0
006,0,0,0,4,4,0,1,2,2,0,0,0,0,0,0,0
006,0,0,3,0,4,0,1,0,0,1,0,0,0,0,0,0
006,0,2,0,4,4,0,1,0,0,1,0,0,0,0,0,0
006,0,2,3,0,0,3,1,0,0,1,0,0,0,0,0,0
006,0,0,0,4,0,3,1,0,0,1,0,0,0,0,0,0
006,0,0,3,0,4,0,0,2,0,1,0,0,0,0,0,0
006,0,0,0,4,4,0,0,2,0,1,0,0,0,0,0,0
006,1,0,3,0,0,3,0,2,0,1,0,0,0,0,0,0
006,0,0,0,4,0,3,0,2,0,1,0,0,0,0,0,0
006,0,0,3,0,0,3,1,2,0,1,0,0,0,0,0,0
006,0,0,0,4,4,0,1,0,2,1,0,0,0,0,0,0
006,0,0,3,0,0,3,0,2,2,1,0,0,0,0,0,0
006,0,2,0,0,4,0,1,0,0,0,4,0,0,0,0,0
006,1,0,3,0,4,0,1,0,0,0,4,0,0,0,0,0
006,0,2,0,0,0,3,1,0,0,0,4,0,0,0,0,0
006,1,0,0,4,0,3,1,0,0,0,4,0,0,0,0,0
006,1,0,0,0,4,3,1,0,0,0,4,0,0,0,0,0
006,1,0,0,0,4,0,0,2,0,0,4,0,0,0,0,0
006,0,2,3,0,4,0,0,2,0,0,4,0,0,0,0,0
006,1,0,0,0,0,3,0,2,0,0,4,0,0,0,0,0
006,0,2,0,0,0,3,0,2,0,0,4,0,0,0,0,0
006,1,0,0,0,4,0,1,0,2,0,4,0,0,0,0,0
006,0,0,0,0,0,3,1,0,2,0,4,0,0,0,0,0
006,0,0,0,0,0,3,0,2,2,0,4,0,0,0,0,0
006,0,0,0,0,4,0,1,2,2,0,4,0,0,0,0,0
006,0,0,3,0,0,3,1,0,0,1,4,0,0,0,0,0
006,0,0,0,0,4,3,1,0,0,1,4,0,0,0,0,0
006,0,0,0,0,4,0,0,2,0,1,4,0,0,0,0,0
006,0,0,0,0,0,3,0,2,0,1,4,0,0,0,0,0
006,0,0,0,0,4,0,1,0,2,1,4,0,0,0,0,0
006,1,0,0,0,4,0,1,0,0,0,0,3,0,0,0,0
006,0,2,0,0,4,0,1,0,0,0,0,3,0,0,0,0
006,0,2,0,0,0,3,1,0,0,0,0,3,0,0,0,0
006,1,0,0,4,0,3,1,0,0,0,0,3,0,0,0,0
006,1,0,0,0,4,0,0,2,0,0,0,3,0,0,0,0
006,0,2,3,0,4,0,0,2,0,0,0,3,0,0,0,0
006,1,0,0,0,0,3,0,2,0,0,0,3,0,0,0,0
006,0,2,0,4,0,3,0,2,0,0,0,3,0,0,0,0
006,0,2,0,0,4,3,0,2,0,0,0,3,0,0,0,0
006,0,0,0,0,4,0,1,0,2,0,0,3,0,0,0,0
006,0,0,0,0,0,3,1,0,2,0,0,3,0,0,0,0
006,0,0,0,4,4,0,0,2,2,0,0,3,0,0,0,0
006,0,0,0,0,4,3,0,2,2,0,0,3,0,0,0,0
006,0,0,0,0,4,0,1,0,0,1,0,3,0,0,0,0
006,0,0,0,0,4,0,0,2,0,1,0,3,0,0,0,0
006,0,2,0,0,0,3,0,2,0,1,0,3,0,0,0,0
006,0,0,0,0,0,3,1,2,0,1,0,3,0,0,0,0
006,0,0,0,0,0,3,0,2,2,1,0,3,0,0,0,0
006,1,0,0,0,0,3,1,0,0,0,4,3,0,0,0,0
006,0,2,0,0,4,0,0,2,0,0,4,3,0,0,0,0
006,0,0,0,0,4,0,0,2,2,0,4,3,0,0,0,0
006,0,0,0,0,0,3,1,0,0,1,4,3,0,0,0,0
006,0,2,3,0,0,0,1,0,0,0,0,0,3,0,0,0
006,0,2,0,4,0,0,1,0,0,0,0,0,3,0,0,0
006,1,0,3,4,0,0,1,0,0,0,0,0,3,0,0,0
006,1,0,3,0,4,0,1,0,0,0,0,0,3,0,0,0
006,1,0,0,4,0,3,1,0,0,0,0,0,3,0,0,0
006,1,0,3,0,0,0,0,2,0,0,0,0,3,0,0,0
006,1,0,0,4,0,0,0,2,0,0,0,0,3,0,0,0
006,0,2,0,4,0,0,0,2,0,0,0,0,3,0,0,0
006,0,2,3,0,4,0,0,2,0,0,0,0,3,0,0,0
006,0,0,3,0,0,0,1,0,2,0,0,0,3,0,0,0
006,0,0,0,4,0,0,0,2,2,0,0,0,3,0,0,0
006,0,0,3,4,0,0,1,0,0,1,0,0,3,0,0,0
006,0,0,0,4,4,0,1,0,0,1,0,0,3,0,0,0
006,0,2,3,0,0,0,0,2,0,1,0,0,3,0,0,0
006,0,0,3,4,0,0,0,2,0,1,0,0,3,0,0,0
006,0,0,3,0,0,0,1,2,0,1,0,0,3,0,0,0
006,0,0,0,4,0,0,1,2,0,1,0,0,3,0,0,0
006,0,0,0,4,0,0,1,0,2,1,0,0,3,0,0,0
006,0,0,3,0,0,0,0,2,2,1,0,0,3,0,0,0
006,1,0,0,0,0,0,1,0,0,0,4,0,3,0,0,0
006,0,2,0,0,0,0,1,0,0,0,4,0,3,0,0,0
006,1,0,0,0,0,0,0,2,0,0,4,0,3,0,0,0
006,0,2,0,0,0,0,0,2,0,0,4,0,3,0,0,0
006,0,0,0,0,0,0,1,0,2,0,4,0,3,0,0,0
006,0,0,0,0,0,0,0,2,2,0,4,0,3,0,0,0
006,0,0,0,0,0,0,1,0,0,1,4,0,3,0,0,0
006,0,0,0,0,0,0,0,2,0,1,4,0,3,0,0,0
006,0,2,0,0,0,0,1,0,0,0,0,3,3,0,0,0
006,1,0,0,4,0,0,1,0,0,0,0,3,3,0,0,0
006,1,0,0,0,0,0,0,2,0,0,0,3,3,0,0,0
006,0,2,0,0,4,0,0,2,0,0,0,3,3,0,0,0
006,0,0,0,0,0,0,1,0,2,0,0,3,3,0,0,0
006,0,0,0,0,4,0,0,2,2,0,0,3,3,0,0,0
006,0,0,0,4,0,0,1,0,0,1,0,3,3,0,0,0
006,0,2,0,0,0,0,0,2,0,1,0,3,3,0,0,0
006,0,0,0,0,0,0,1,2,0,1,0,3,3,0,0,0
006,0,0,0,0,0,0,0,2,2,1,0,3,3,0,0,0
006,1,0,3,0,0,0,1,0,0,0,0,0,0,4,0,0
006,0,2,3,0,0,0,1,0,0,0,0,0,0,4,0,0
006,0,2,0,4,0,0,1,0,0,0,0,0,0,4,0,0
006,1,0,0,4,0,3,1,0,0,0,0,0,0,4,0,0
006,1,0,3,0,0,0,0,2,0,0,0,0,0,4,0,0
006,1,0,0,4,0,0,0,2,0,0,0,0,0,4,0,0
006,0,2,3,4,0,0,0,2,0,0,0,0,0,4,0,0
006,0,2,3,0,4,0,0,2,0,0,0,0,0,4,0,0
006,0,2,0,4,0,3,0,2,0,0,0,0,0,4,0,0
006,1,0,0,4,0,0,1,0,2,0,0,0,0,4,0,0
006,0,0,3,4,0,0,1,0,2,0,0,0,0,4,0,0
006,0,0,3,4,0,0,0,2,2,0,0,0,0,4,0,0
006,0,0,3,0,0,3,0,2,2,0,0,0,0,4,0,0
006,0,0,3,0,0,0,1,2,2,0,0,0,0,4,0,0
006,0,0,0,4,0,0,1,2,2,0,0,0,0,4,0,0
006,0,0,3,0,0,0,1,0,0,1,0,0,0,4,0,0
006,0,0,0,4,0,0,0,2,0,1,0,0,0,4,0,0
006,0,0,0,4,0,0,1,0,2,1,0,0,0,4,0,0
006,0,0,3,0,0,0,0,2,2,1,0,0,0,4,0,0
006,0,2,0,0,0,0,1,0,0,0,4,0,0,4,0,0
006,1,0,0,0,0,3,1,0,0,0,4,0,0,4,0,0
006,1,0,0,0,0,0,0,2,0,0,4,0,0,4,0,0
006,0,2,3,0,0,0,0,2,0,0,4,0,0,4,0,0
006,1,0,0,0,0,0,1,0,2,0,4,0,0,4,0,0
006,0,0,3,0,0,0,0,2,2,0,4,0,0,4,0,0
006,0,0,0,0,0,0,1,2,2,0,4,0,0,4,0,0
006,0,0,0,0,0,3,1,0,0,1,4,0,0,4,0,0
006,0,0,0,0,0,0,0,2,0,1,4,0,0,4,0,0
006,0,0,0,0,0,0,1,0,2,1,4,0,0,4,0,0
006,1,0,0,0,0,0,1,0,0,0,0,3,0,4,0,0
006,0,2,0,0,0,0,1,0,0,0,0,3,0,4,0,0
006,1,0,0,0,0,0,0,2,0,0,0,3,0,4,0,0
006,0,2,0,0,0,0,0,2,0,0,0,3,0,4,0,0
006,0,0,0,0,0,0,1,0,2,0,0,3,0,4,0,0
006,0,0,0,0,0,0,0,2,2,0,0,3,0,4,0,0
006,0,0,0,0,0,0,1,0,0,1,0,3,0,4,0,0
006,0,0,0,0,0,0,0,2,0,1,0,3,0,4,0,0
006,1,0,0,4,0,0,1,0,0,0,0,0,3,4,0,0
006,0,2,3,0,0,0,0,2,0,0,0,0,3,4,0,0
006,0,0,0,4,0,0,1,0,2,0,0,0,3,4,0,0
006,0,0,3,0,0,0,0,2,2,0,0,0,3,4,0,0
006,0,0,0,4,0,0,1,0,0,1,0,0,3,4,0,0
006,0,0,3,0,0,0,0,2,0,1,0,0,3,4,0,0
006,1,0,3,0,4,0,0,0,0,0,0,0,0,0,2,0
006,0,2,3,0,4,0,0,0,0,0,0,0,0,0,2,0
006,1,0,0,4,4,0,0,0,0,0,0,0,0,0,2,0
006,1,2,3,0,0,3,0,0,0,0,0,0,0,0,2,0
006,1,0,0,4,0,3,0,0,0,0,0,0,0,0,2,0
006,0,2,0,4,0,3,0,0,0,0,0,0,0,0,2,0
006,0,2,0,4,4,0,1,0,0,0,0,0,0,0,2,0
006,0,2,3,0,0,3,1,0,0,0,0,0,0,0,2,0
006,1,0,3,0,0,3,0,2,0,0,0,0,0,0,2,0
006,0,0,3,0,4,0,0,0,2,0,0,0,0,0,2,0
006,1,0,3,0,0,3,0,0,2,0,0,0,0,0,2,0
006,0,0,0,4,0,3,0,0,2,0,0,0,0,0,2,0
006,0,0,0,4,4,0,1,0,2,0,0,0,0,0,2,0
006,0,0,3,0,4,0,0,0,0,1,0,0,0,0,2,0
006,0,0,0,4,4,0,0,0,0,1,0,0,0,0,2,0
006,0,0,3,0,0,3,0,0,0,1,0,0,0,0,2,0
006,0,0,0,4,0,3,0,0,0,1,0,0,0,0,2,0
006,1,0,0,0,4,0,0,0,0,0,4,0,0,0,2,0
006,0,2,0,0,0,3,0,0,0,0,4,0,0,0,2,0
006,0,0,0,0,0,3,0,0,2,0,4,0,0,0,2,0
006,0,0,0,0,4,0,1,0,2,0,4,0,0,0,2,0
006,0,0,0,0,4,0,0,0,0,1,4,0,0,0,2,0
006,0,0,0,0,0,3,0,0,0,1,4,0,0,0,2,0
006,1,2,0,0,4,0,0,0,0,0,0,3,0,0,2,0
006,0,2,0,4,4,0,0,0,0,0,0,3,0,0,2,0
006,1,2,0,0,0,3,0,0,0,0,0,3,0,0,2,0
006,1,0,0,0,4,3,0,0,0,0,0,3,0,0,2,0
006,0,2,0,0,4,3,0,0,0,0,0,3,0,0,2,0
006,1,0,0,0,0,3,1,0,0,0,0,3,0,0,2,0
006,0,0,0,4,4,0,0,0,2,0,0,3,0,0,2,0
006,1,0,0,0,0,3,0,0,2,0,0,3,0,0,2,0
006,0,0,0,0,4,3,0,0,2,0,0,3,0,0,2,0
006,0,0,0,0,4,0,0,0,0,1,0,3,0,0,2,0
006,0,0,0,0,0,3,0,0,0,1,0,3,0,0,2,0
006,0,2,0,0,4,0,0,0,0,0,4,3,0,0,2,0
006,1,0,0,0,0,3,0,0,0,0,4,3,0,0,2,0
006,0,0,0,0,4,0,0,0,2,0,4,3,0,0,2,0
006,1,2,3,0,0,0,0,0,0,0,0,0,3,0,2,0
006,1,0,0,4,0,0,0,0,0,0,0,0,3,0,2,0
006,0,2,0,4,0,0,0,0,0,0,0,0,3,0,2,0
006,1,0,3,0,0,0,1,0,0,0,0,0,3,0,2,0
006,1,0,3,0,0,0,0,0,2,0,0,0,3,0,2,0
006,0,0,0,4,0,0,0,0,2,0,0,0,3,0,2,0
006,0,0,3,0,0,0,0,0,0,1,0,0,3,0,2,0
006,0,0,0,4,0,0,0,0,0,1,0,0,3,0,2,0
006,1,0,0,0,0,0,0,0,0,0,4,0,3,0,2,0
006,0,2,0,0,0,0,0,0,0,0,4,0,3,0,2,0
006,0,0,3,0,0,0,0,0,2,0,4,0,3,0,2,0
006,0,0,0,0,4,0,0,0,2,0,4,0,3,0,2,0
006,1,2,0,0,0,0,0,0,0,0,0,3,3,0,2,0
006,0,2,0,0,4,0,0,0,0,0,0,3,3,0,2,0
006,1,0,0,0,0,0,1,0,0,0,0,3,3,0,2,0
006,1,0,0,0,0,0,0,0,0,1,0,3,3,0,2,0
006,0,2,0,0,0,0,0,0,0,1,0,3,3,0,2,0
006,0,0,0,0,0,0,1,0,0,1,0,3,3,0,2,0
006,0,0,0,0,0,0,0,2,0,1,0,3,3,0,2,0
006,1,0,3,0,0,0,0,0,0,0,0,0,0,4,2,0
006,1,0,0,4,0,0,0,0,0,0,0,0,0,4,2,0
006,0,2,3,4,0,0,0,0,0,0,0,0,0,4,2,0
006,0,2,3,0,0,3,0,0,0,0,0,0,0,4,2,0
006,0,0,3,4,0,0,0,0,2,0,0,0,0,4,2,0
006,0,0,3,0,0,3,0,0,2,0,0,0,0,4,2,0
006,0,0,0,4,0,0,1,0,2,0,0,0,0,4,2,0
006,0,0,3,0,0,0,0,0,0,1,0,0,0,4,2,0
006,0,0,0,4,0,0,0,0,0,1,0,0,0,4,2,0
006,1,0,0,0,0,0,0,0,0,0,4,0,0,4,2,0
006,0,2,3,0,0,0,0,0,0,0,4,0,0,4,2,0
006,0,2,0,0,0,0,0,0,0,1,4,0,0,4,2,0
006,0,0,0,0,0,0,1,0,0,1,4,0,0,4,2,0
006,1,0,0,0,0,0,0,0,0,0,0,3,0,4,2,0
006,0,2,0,0,0,0,0,0,0,0,0,3,0,4,2,0
006,0,0,3,0,0,0,0,0,2,0,0,3,0,4,2,0
006,0,0,0,4,0,0,0,0,2,0,0,3,0,4,2,0
006,0,0,0,0,4,0,0,0,2,0,0,3,0,4,2,0
006,0,0,0,0,0,3,0,0,2,0,0,3,0,4,2,0
006,0,2,3,0,0,0,0,0,0,0,0,0,3,4,2,0
006,0,0,3,0,0,0,0,0,2,0,0,0,3,4,2,0
006,1,0,3,0,4,0,0,0,0,0,0,0,0,0,0,1
006,0,2,3,0,4,0,0,0,0,0,0,0,0,0,0,1
006,1,2,0,4,4,0,0,0,0,0,0,0,0,0,0,1
006,0,2,3,0,0,3,0,0,0,0,0,0,0,0,0,1
006,1,0,0,4,0,3,0,0,0,0,0,0,0,0,0,1
006,0,2,0,4,0,3,0,0,0,0,0,0,0,0,0,1
006,0,2,0,4,4,0,1,0,0,0,0,0,0,0,0,1
006,1,0,0,4,4,0,0,2,0,0,0,0,0,0,0,1
006,1,0,3,0,0,3,0,2,0,0,0,0,0,0,0,1
006,0,0,3,0,4,0,0,0,2,0,0,0,0,0,0,1
006,0,0,0,4,4,0,0,0,2,0,0,0,0,0,0,1
006,0,0,3,0,0,3,0,0,2,0,0,0,0,0,0,1
006,0,0,0,4,0,3,0,0,2,0,0,0,0,0,0,1
006,0,0,3,0,4,0,0,0,0,1,0,0,0,0,0,1
006,0,2,0,4,4,0,0,0,0,1,0,0,0,0,0,1
006,0,0,0,4,0,3,0,0,0,1,0,0,0,0,0,1
006,0,0,3,0,0,3,0,2,0,1,0,0,0,0,0,1
006,1,2,0,0,4,0,0,0,0,0,4,0,0,0,0,1
006,1,2,0,0,0,3,0,0,0,0,4,0,0,0,0,1
006,1,0,3,0,0,3,0,0,0,0,4,0,0,0,0,1
006,1,0,0,0,4,3,0,0,0,0,4,0,0,0,0,1
006,0,2,0,0,4,3,0,0,0,0,4,0,0,0,0,1
006,0,2,0,0,4,0,0,2,0,0,4,0,0,0,0,1
006,0,0,0,0,4,0,0,0,2,0,4,0,0,0,0,1
006,0,0,0,0,0,3,0,0,2,0,4,0,0,0,0,1
006,0,2,0,0,4,0,0,0,0,1,4,0,0,0,0,1
006,0,0,3,0,0,3,0,0,0,1,4,0,0,0,0,1
006,0,0,0,0,4,3,0,0,0,1,4,0,0,0,0,1
006,1,0,0,0,4,0,0,0,0,0,0,3,0,0,0,1
006,0,2,0,0,0,3,0,0,0,0,0,3,0,0,0,1
006,0,0,0,0,4,0,0,0,2,0,0,3,0,0,0,1
006,0,0,0,0,0,3,0,0,2,0,0,3,0,0,0,1
006,0,0,0,0,4,0,0,0,0,1,0,3,0,0,0,1
006,0,0,0,0,0,3,0,2,0,1,0,3,0,0,0,1
006,0,2,0,0,4,0,0,0,0,0,4,3,0,0,0,1
006,1,0,0,0,0,3,0,0,0,0,4,3,0,0,0,1
006,0,0,0,0,0,3,0,0,0,1,4,3,0,0,0,1
006,0,2,3,0,0,0,0,0,0,0,0,0,3,0,0,1
006,0,2,0,4,0,0,0,0,0,0,0,0,3,0,0,1
006,1,0,3,4,0,0,0,0,0,0,0,0,3,0,0,1
006,1,0,0,4,4,0,0,0,0,0,0,0,3,0,0,1
006,0,0,3,0,0,0,0,0,2,0,0,0,3,0,0,1
006,0,0,0,4,0,0,0,0,2,0,0,0,3,0,0,1
006,0,0,3,4,0,0,0,0,0,1,0,0,3,0,0,1
006,0,0,0,4,4,0,0,0,0,1,0,0,3,0,0,1
006,0,0,3,0,0,0,0,2,0,1,0,0,3,0,0,1
006,1,0,0,0,0,0,0,0,0,0,4,0,3,0,0,1
006,0,2,0,0,0,0,0,0,0,0,4,0,3,0,0,1
006,0,0,3,0,0,0,0,0,0,1,4,0,3,0,0,1
006,0,0,0,4,0,0,0,0,0,1,4,0,3,0,0,1
006,0,0,0,0,4,0,0,0,0,1,4,0,3,0,0,1
006,0,0,0,0,0,3,0,0,0,1,4,0,3,0,0,1
006,0,2,0,0,0,0,0,0,0,0,0,3,3,0,0,1
006,1,0,0,4,0,0,0,0,0,0,0,3,3,0,0,1
006,1,0,0,0,0,0,0,0,2,0,0,3,3,0,0,1
006,0,0,0,0,0,0,0,2,2,0,0,3,3,0,0,1
006,1,0,3,0,0,0,0,0,0,0,0,0,0,4,0,1
006,0,2,3,0,0,0,0,0,0,0,0,0,0,4,0,1
006,1,2,0,4,0,0,0,0,0,0,0,0,0,4,0,1
006,0,2,0,4,0,0,0,2,0,0,0,0,0,4,0,1
006,0,0,3,0,0,0,0,0,2,0,0,0,0,4,0,1
006,0,0,0,4,0,0,0,0,2,0,0,0,0,4,0,1
006,0,0,3,0,0,0,0,0,0,1,0,0,0,4,0,1
006,0,2,0,4,0,0,0,0,0,1,0,0,0,4,0,1
006,1,2,0,0,0,0,0,0,0,0,4,0,0,4,0,1
006,1,0,0,0,0,3,0,0,0,0,4,0,0,4,0,1
006,0,2,0,0,0,0,0,2,0,0,4,0,0,4,0,1
006,1,0,0,0,0,0,0,0,2,0,4,0,0,4,0,1
006,0,2,0,0,0,0,0,0,2,0,4,0,0,4,0,1
006,0,0,0,0,0,0,1,0,2,0,4,0,0,4,0,1
006,0,0,0,0,0,0,0,2,2,0,4,0,0,4,0,1
006,1,0,0,0,0,0,0,0,0,0,0,3,0,4,0,1
006,0,2,0,0,0,0,0,0,0,0,0,3,0,4,0,1
006,0,0,0,4,0,0,0,0,0,1,0,3,0,4,0,1
006,0,0,0,0,0,3,0,0,0,1,0,3,0,4,0,1
006,1,0,0,4,0,0,0,0,0,0,0,0,3,4,0,1
006,0,0,0,4,0,0,0,0,0,1,0,0,3,4,0,1
006,0,2,0,4,4,0,0,0,0,0,0,0,0,0,2,1
006,1,0,3,0,0,3,0,0,0,0,0,0,0,0,2,1
006,0,2,0,0,4,0,0,0,0,0,4,0,0,0,2,1
006,1,0,0,0,0,3,0,0,0,0,4,0,0,0,2,1
006,0,2,0,0,4,0,0,0,0,0,0,3,0,0,2,1
006,1,0,0,0,0,3,0,0,0,0,0,3,0,0,2,1
006,1,0,3,0,0,0,0,0,0,0,0,0,3,0,2,1
006,1,0,0,0,0,0,0,0,0,0,0,3,3,0,2,1
006,0,2,0,4,0,0,0,0,0,0,0,0,0,4,2,1
006,0,2,0,0,0,0,0,0,0,0,4,0,0,4,2,1
007,0,2,3,0,0,0,1,0,3,0,0,0,0,0,0,0
007,0,2,0,4,0,0,1,0,3,0,0,0,0,0,0,0
007,1,0,3,4,0,0,1,0,3,0,0,0,0,0,0,0
007,1,0,3,0,4,0,1,0,3,0,0,0,0,0,0,0
007,1,0,0,4,0,3,1,0,3,0,0,0,0,0,0,0
007,1,0,3,0,0,0,0,2,3,0,0,0,0,0,0,0
007,1,0,0,4,0,0,0,2,3,0,0,0,0,0,0,0
007,0,2,0,4,0,0,0,2,3,0,0,0,0,0,0,0
007,0,2,3,0,4,0,0,2,3,0,0,0,0,0,0,0
007,1,0,3,0,0,0,1,0,0,4,0,0,0,0,0,0
007,0,2,3,0,0,0,1,0,0,4,0,0,0,0,0,0
007,0,2,0,4,0,0,1,0,0,4,0,0,0,0,0,0
007,1,0,0,4,0,3,1,0,0,4,0,0,0,0,0,0
007,1,0,3,0,0,0,0,2,0,4,0,0,0,0,0,0
007,1,0,0,4,0,0,0,2,0,4,0,0,0,0,0,0
007,0,2,3,4,0,0,0,2,0,4,0,0,0,0,0,0
007,0,2,3,0,4,0,0,2,0,4,0,0,0,0,0,0
007,0,2,0,4,0,3,0,2,0,4,0,0,0,0,0,0
007,1,0,0,4,0,0,1,0,3,4,0,0,0,0,0,0
007,0,2,3,0,0,0,0,2,3,4,0,0,0,0,0,0
007,1,0,3,0,4,0,0,0,0,0,2,0,0,0,0,0
007,0,2,3,0,4,0,0,0,0,0,2,0,0,0,0,0
007,1,0,0,4,4,0,0,0,0,0,2,0,0,0,0,0
007,1,2,3,0,0,3,0,0,0,0,2,0,0,0,0,0
007,1,0,0,4,0,3,0,0,0,0,2,0,0,0,0,0
007,0,2,0,4,0,3,0,0,0,0,2,0,0,0,0,0
007,0,2,0,4,4,0,1,0,0,0,2,0,0,0,0,0
007,0,2,3,0,0,3,1,0,0,0,2,0,0,0,0,0
007,1,0,3,0,0,3,0,2,0,0,2,0,0,0,0,0
007,1,2,3,0,0,0,0,0,3,0,2,0,0,0,0,0
007,1,0,0,4,0,0,0,0,3,0,2,0,0,0,0,0
007,0,2,0,4,0,0,0,0,3,0,2,0,0,0,0,0
007,1,0,3,0,0,0,1,0,3,0,2,0,0,0,0,0
007,1,0,3,0,0,0,0,0,0,4,2,0,0,0,0,0
007,1,0,0,4,0,0,0,0,0,4,2,0,0,0,0,0
007,0,2,3,4,0,0,0,0,0,4,2,0,0,0,0,0
007,0,2,3,0,0,3,0,0,0,4,2,0,0,0,0,0
007,0,2,3,0,0,0,0,0,3,4,2,0,0,0,0,0
007,1,0,3,0,4,0,0,0,0,0,0,1,0,0,0,0
007,0,2,3,0,4,0,0,0,0,0,0,1,0,0,0,0
007,1,2,0,4,4,0,0,0,0,0,0,1,0,0,0,0
007,0,2,3,0,0,3,0,0,0,0,0,1,0,0,0,0
007,1,0,0,4,0,3,0,0,0,0,0,1,0,0,0,0
007,0,2,0,4,0,3,0,0,0,0,0,1,0,0,0,0
007,0,2,0,4,4,0,1,0,0,0,0,1,0,0,0,0
007,1,0,0,4,4,0,0,2,0,0,0,1,0,0,0,0
007,1,0,3,0,0,3,0,2,0,0,0,1,0,0,0,0
007,0,2,3,0,0,0,0,0,3,0,0,1,0,0,0,0
007,0,2,0,4,0,0,0,0,3,0,0,1,0,0,0,0
007,1,0,3,4,0,0,0,0,3,0,0,1,0,0,0,0
007,1,0,0,4,4,0,0,0,3,0,0,1,0,0,0,0
007,1,0,3,0,0,0,0,0,0,4,0,1,0,0,0,0
007,0,2,3,0,0,0,0,0,0,4,0,1,0,0,0,0
007,1,2,0,4,0,0,0,0,0,4,0,1,0,0,0,0
007,0,2,0,4,0,0,0,2,0,4,0,1,0,0,0,0
007,1,0,0,4,0,0,0,0,3,4,0,1,0,0,0,0
007,0,2,0,4,4,0,0,0,0,0,2,1,0,0,0,0
007,1,0,3,0,0,3,0,0,0,0,2,1,0,0,0,0
007,1,0,3,0,0,0,0,0,3,0,2,1,0,0,0,0
007,0,2,0,4,0,0,0,0,0,4,2,1,0,0,0,0
007,0,0,3,0,4,0,1,0,0,0,0,0,2,0,0,0
007,0,2,0,4,4,0,1,0,0,0,0,0,2,0,0,0
007,0,0,3,0,0,3,1,0,0,0,0,0,2,0,0,0
007,0,0,0,4,0,3,1,0,0,0,0,0,2,0,0,0
007,0,0,3,0,4,0,0,2,0,0,0,0,2,0,0,0
007,1,0,0,4,4,0,0,2,0,0,0,0,2,0,0,0
007,1,0,3,0,0,3,0,2,0,0,0,0,2,0,0,0
007,0,0,0,4,0,3,0,2,0,0,0,0,2,0,0,0
007,0,0,0,4,4,0,1,2,0,0,0,0,2,0,0,0
007,0,0,3,0,0,0,1,0,3,0,0,0,2,0,0,0
007,0,0,0,4,0,0,0,2,3,0,0,0,2,0,0,0
007,1,0,0,4,0,0,1,0,0,4,0,0,2,0,0,0
007,0,0,3,4,0,0,1,0,0,4,0,0,2,0,0,0
007,0,0,3,4,0,0,0,2,0,4,0,0,2,0,0,0
007,0,0,3,0,0,3,0,2,0,4,0,0,2,0,0,0
007,0,0,3,0,0,0,1,2,0,4,0,0,2,0,0,0
007,0,0,0,4,0,0,1,2,0,4,0,0,2,0,0,0
007,0,0,0,4,0,0,1,0,3,4,0,0,2,0,0,0
007,0,0,3,0,0,0,0,2,3,4,0,0,2,0,0,0
007,0,0,3,0,4,0,0,0,0,0,2,0,2,0,0,0
007,1,0,3,0,0,3,0,0,0,0,2,0,2,0,0,0
007,0,0,0,4,0,3,0,0,0,0,2,0,2,0,0,0
007,0,0,0,4,4,0,1,0,0,0,2,0,2,0,0,0
007,1,0,3,0,0,0,0,0,3,0,2,0,2,0,0,0
007,0,0,0,4,0,0,0,0,3,0,2,0,2,0,0,0
007,0,0,3,4,0,0,0,0,0,4,2,0,2,0,0,0
007,0,0,3,0,0,3,0,0,0,4,2,0,2,0,0,0
007,0,0,0,4,0,0,1,0,0,4,2,0,2,0,0,0
007,0,0,3,0,0,0,0,0,3,4,2,0,2,0,0,0
007,0,0,3,0,4,0,0,0,0,0,0,1,2,0,0,0
007,0,0,0,4,4,0,0,0,0,0,0,1,2,0,0,0
007,0,0,3,0,0,3,0,0,0,0,0,1,2,0,0,0
007,0,0,0,4,0,3,0,0,0,0,0,1,2,0,0,0
007,0,0,3,0,0,0,0,0,3,0,0,1,2,0,0,0
007,0,0,0,4,0,0,0,0,3,0,0,1,2,0,0,0
007,0,0,3,0,0,0,0,0,0,4,0,1,2,0,0,0
007,0,0,0,4,0,0,0,0,0,4,0,1,2,0,0,0
007,0,0,3,0,4,0,1,0,0,0,0,0,0,1,0,0
007,0,2,0,4,4,0,1,0,0,0,0,0,0,1,0,0
007,0,2,3,0,0,3,1,0,0,0,0,0,0,1,0,0
007,0,0,0,4,0,3,1,0,0,0,0,0,0,1,0,0
007,0,0,3,0,4,0,0,2,0,0,0,0,0,1,0,0
007,0,0,0,4,4,0,0,2,0,0,0,0,0,1,0,0
007,1,0,3,0,0,3,0,2,0,0,0,0,0,1,0,0
007,0,0,0,4,0,3,0,2,0,0,0,0,0,1,0,0
007,0,0,3,0,0,3,1,2,0,0,0,0,0,1,0,0
007,0,0,3,4,0,0,1,0,3,0,0,0,0,1,0,0
007,0,0,0,4,4,0,1,0,3,0,0,0,0,1,0,0
007,0,2,3,0,0,0,0,2,3,0,0,0,0,1,0,0
007,0,0,3,4,0,0,0,2,3,0,0,0,0,1,0,0
007,0,0,3,0,0,0,1,2,3,0,0,0,0,1,0,0
007,0,0,0,4,0,0,1,2,3,0,0,0,0,1,0,0
007,0,0,3,0,0,0,1,0,0,4,0,0,0,1,0,0
007,0,0,0,4,0,0,0,2,0,4,0,0,0,1,0,0
007,0,0,0,4,0,0,1,0,3,4,0,0,0,1,0,0
007,0,0,3,0,0,0,0,2,3,4,0,0,0,1,0,0
007,0,0,3,0,4,0,0,0,0,0,2,0,0,1,0,0
007,0,0,0,4,4,0,0,0,0,0,2,0,0,1,0,0
007,0,0,3,0,0,3,0,0,0,0,2,0,0,1,0,0
007,0,0,0,4,0,3,0,0,0,0,2,0,0,1,0,0
007,0,0,3,0,0,0,0,0,3,0,2,0,0,1,0,0
007,0,0,0,4,0,0,0,0,3,0,2,0,0,1,0,0
007,0,0,3,0,0,0,0,0,0,4,2,0,0,1,0,0
007,0,0,0,4,0,0,0,0,0,4,2,0,0,1,0,0
007,0,0,3,0,4,0,0,0,0,0,0,1,0,1,0,0
007,0,2,0,4,4,0,0,0,0,0,0,1,0,1,0,0
007,0,0,0,4,0,3,0,0,0,0,0,1,0,1,0,0
007,0,0,3,0,0,3,0,2,0,0,0,1,0,1,0,0
007,0,0,3,4,0,0,0,0,3,0,0,1,0,1,0,0
007,0,0,0,4,4,0,0,0,3,0,0,1,0,1,0,0
007,0,0,3,0,0,0,0,2,3,0,0,1,0,1,0,0
007,0,0,3,0,0,0,0,0,0,4,0,1,0,1,0,0
007,0,2,0,4,0,0,0,0,0,4,0,1,0,1,0,0
007,0,0,0,4,0,0,0,0,3,4,0,1,0,1,0,0
007,0,0,0,4,4,0,1,0,0,0,0,0,2,1,0,0
007,0,0,3,0,0,3,0,2,0,0,0,0,2,1,0,0
007,0,0,0,4,0,0,1,0,3,0,0,0,2,1,0,0
007,0,0,3,0,0,0,0,2,3,0,0,0,2,1,0,0
007,0,0,0,4,0,0,1,0,0,4,0,0,2,1,0,0
007,0,0,3,0,0,0,0,2,0,4,0,0,2,1,0,0
007,0,2,0,0,4,0,1,0,0,0,0,0,0,0,4,0
007,1,0,3,0,4,0,1,0,0,0,0,0,0,0,4,0
007,0,2,0,0,0,3,1,0,0,0,0,0,0,0,4,0
007,1,0,0,4,0,3,1,0,0,0,0,0,0,0,4,0
007,1,0,0,0,4,3,1,0,0,0,0,0,0,0,4,0
007,1,0,0,0,4,0,0,2,0,0,0,0,0,0,4,0
007,0,2,3,0,4,0,0,2,0,0,0,0,0,0,4,0
007,1,0,0,0,0,3,0,2,0,0,0,0,0,0,4,0
007,0,2,0,0,0,3,0,2,0,0,0,0,0,0,4,0
007,1,0,0,0,0,0,1,0,3,0,0,0,0,0,4,0
007,0,2,0,0,0,0,1,0,3,0,0,0,0,0,4,0
007,1,0,0,0,0,0,0,2,3,0,0,0,0,0,4,0
007,0,2,0,0,0,0,0,2,3,0,0,0,0,0,4,0
007,0,2,0,0,0,0,1,0,0,4,0,0,0,0,4,0
007,1,0,0,0,0,3,1,0,0,4,0,0,0,0,4,0
007,1,0,0,0,0,0,0,2,0,4,0,0,0,0,4,0
007,0,2,3,0,0,0,0,2,0,4,0,0,0,0,4,0
007,1,0,0,0,4,0,0,0,0,0,2,0,0,0,4,0
007,0,2,0,0,0,3,0,0,0,0,2,0,0,0,4,0
007,1,0,0,0,0,0,0,0,3,0,2,0,0,0,4,0
007,0,2,0,0,0,0,0,0,3,0,2,0,0,0,4,0
007,1,0,0,0,0,0,0,0,0,4,2,0,0,0,4,0
007,0,2,3,0,0,0,0,0,0,4,2,0,0,0,4,0
007,1,2,0,0,4,0,0,0,0,0,0,1,0,0,4,0
007,1,2,0,0,0,3,0,0,0,0,0,1,0,0,4,0
007,1,0,3,0,0,3,0,0,0,0,0,1,0,0,4,0
007,1,0,0,0,4,3,0,0,0,0,0,1,0,0,4,0
007,0,2,0,0,4,3,0,0,0,0,0,1,0,0,4,0
007,0,2,0,0,4,0,0,2,0,0,0,1,0,0,4,0
007,1,0,0,0,0,0,0,0,3,0,0,1,0,0,4,0
007,0,2,0,0,0,0,0,0,3,0,0,1,0,0,4,0
007,1,2,0,0,0,0,0,0,0,4,0,1,0,0,4,0
007,1,0,0,0,0,3,0,0,0,4,0,1,0,0,4,0
007,0,2,0,0,0,0,0,2,0,4,0,1,0,0,4,0
007,0,2,0,0,4,0,0,0,0,0,2,1,0,0,4,0
007,1,0,0,0,0,3,0,0,0,0,2,1,0,0,4,0
007,0,2,0,0,0,0,0,0,0,4,2,1,0,0,4,0
007,1,0,0,0,4,0,1,0,0,0,0,0,2,0,4,0
007,0,0,0,0,0,3,1,0,0,0,0,0,2,0,4,0
007,0,0,0,0,0,3,0,2,0,0,0,0,2,0,4,0
007,0,0,0,0,4,0,1,2,0,0,0,0,2,0,4,0
007,0,0,0,0,0,0,1,0,3,0,0,0,2,0,4,0
007,0,0,0,0,0,0,0,2,3,0,0,0,2,0,4,0
007,1,0,0,0,0,0,1,0,0,4,0,0,2,0,4,0
007,0,0,3,0,0,0,0,2,0,4,0,0,2,0,4,0
007,0,0,0,0,0,0,1,2,0,4,0,0,2,0,4,0
007,0,0,0,0,0,3,0,0,0,0,2,0,2,0,4,0
007,0,0,0,0,4,0,1,0,0,0,2,0,2,0,4,0
007,0,0,3,0,0,0,0,0,3,0,2,0,2,0,4,0
007,0,0,0,0,4,0,0,0,3,0,2,0,2,0,4,0
007,0,0,0,0,4,0,0,0,0,0,0,1,2,0,4,0
007,0,0,0,0,0,3,0,0,0,0,0,1,2,0,4,0
007,1,0,0,0,0,0,0,0,0,4,0,1,2,0,4,0
007,0,2,0,0,0,0,0,0,0,4,0,1,2,0,4,0
007,0,0,0,0,0,0,1,0,0,4,0,1,2,0,4,0
007,0,0,0,0,0,0,0,2,0,4,0,1,2,0,4,0
007,0,0,3,0,0,3,1,0,0,0,0,0,0,1,4,0
007,0,0,0,0,4,3,1,0,0,0,0,0,0,1,4,0
007,0,0,0,0,4,0,0,2,0,0,0,0,0,1,4,0
007,0,0,0,0,0,3,0,2,0,0,0,0,0,1,4,0
007,0,0,0,0,0,0,1,0,3,0,0,0,0,1,4,0
007,0,0,0,0,0,0,0,2,3,0,0,0,0,1,4,0
007,0,0,0,0,0,3,1,0,0,4,0,0,0,1,4,0
007,0,0,0,0,0,0,0,2,0,4,0,0,0,1,4,0
007,0,0,0,0,4,0,0,0,0,0,2,0,0,1,4,0
007,0,0,0,0,0,3,0,0,0,0,2,0,0,1,4,0
007,0,2,0,0,0,0,0,0,0,4,2,0,0,1,4,0
007,0,0,0,0,0,0,1,0,0,4,2,0,0,1,4,0
007,0,2,0,0,4,0,0,0,0,0,0,1,0,1,4,0
007,0,0,3,0,0,3,0,0,0,0,0,1,0,1,4,0
007,0,0,0,0,4,3,0,0,0,0,0,1,0,1,4,0
007,0,0,3,0,0,0,0,0,3,0,0,1,0,1,4,0
007,0,0,0,4,0,0,0,0,3,0,0,1,0,1,4,0
007,0,0,0,0,4,0,0,0,3,0,0,1,0,1,4,0
007,0,0,0,0,0,3,0,0,3,0,0,1,0,1,4,0
007,0,0,0,0,4,0,1,0,0,0,0,0,2,1,4,0
007,0,0,0,0,0,0,1,0,0,4,0,0,2,1,4,0
007,1,0,0,0,4,0,1,0,0,0,0,0,0,0,0,3
007,0,2,0,0,4,0,1,0,0,0,0,0,0,0,0,3
007,0,2,0,0,0,3,1,0,0,0,0,0,0,0,0,3
007,1,0,0,4,0,3,1,0,0,0,0,0,0,0,0,3
007,1,0,0,0,4,0,0,2,0,0,0,0,0,0,0,3
007,0,2,3,0,4,0,0,2,0,0,0,0,0,0,0,3
007,1,0,0,0,0,3,0,2,0,0,0,0,0,0,0,3
007,0,2,0,4,0,3,0,2,0,0,0,0,0,0,0,3
007,0,2,0,0,4,3,0,2,0,0,0,0,0,0,0,3
007,0,2,0,0,0,0,1,0,3,0,0,0,0,0,0,3
007,1,0,0,4,0,0,1,0,3,0,0,0,0,0,0,3
007,1,0,0,0,0,0,0,2,3,0,0,0,0,0,0,3
007,0,2,0,0,4,0,0,2,3,0,0,0,0,0,0,3
007,1,0,0,0,0,0,1,0,0,4,0,0,0,0,0,3
007,0,2,0,0,0,0,1,0,0,4,0,0,0,0,0,3
007,1,0,0,0,0,0,0,2,0,4,0,0,0,0,0,3
007,0,2,0,0,0,0,0,2,0,4,0,0,0,0,0,3
007,1,2,0,0,4,0,0,0,0,0,2,0,0,0,0,3
007,0,2,0,4,4,0,0,0,0,0,2,0,0,0,0,3
007,1,2,0,0,0,3,0,0,0,0,2,0,0,0,0,3
007,1,0,0,0,4,3,0,0,0,0,2,0,0,0,0,3
007,0,2,0,0,4,3,0,0,0,0,2,0,0,0,0,3
007,1,0,0,0,0,3,1,0,0,0,2,0,0,0,0,3
007,1,2,0,0,0,0,0,0,3,0,2,0,0,0,0,3
007,0,2,0,0,4,0,0,0,3,0,2,0,0,0,0,3
007,1,0,0,0,0,0,1,0,3,0,2,0,0,0,0,3
007,1,0,0,0,0,0,0,0,0,4,2,0,0,0,0,3
007,0,2,0,0,0,0,0,0,0,4,2,0,0,0,0,3
007,1,0,0,0,4,0,0,0,0,0,0,1,0,0,0,3
007,0,2,0,0,0,3,0,0,0,0,0,1,0,0,0,3
007,0,2,0,0,0,0,0,0,3,0,0,1,0,0,0,3
007,1,0,0,4,0,0,0,0,3,0,0,1,0,0,0,3
007,1,0,0,0,0,0,0,0,0,4,0,1,0,0,0,3
007,0,2,0,0,0,0,0,0,0,4,0,1,0,0,0,3
007,0,2,0,0,4,0,0,0,0,0,2,1,0,0,0,3
007,1,0,0,0,0,3,0,0,0,0,2,1,0,0,0,3
007,1,0,0,0,0,0,0,0,3,0,2,1,0,0,0,3
007,0,0,0,0,4,0,1,0,0,0,0,0,2,0,0,3
007,0,0,0,0,0,3,1,0,0,0,0,0,2,0,0,3
007,0,0,0,4,4,0,0,2,0,0,0,0,2,0,0,3
007,0,0,0,0,4,3,0,2,0,0,0,0,2,0,0,3
007,0,0,0,0,0,0,1,0,3,0,0,0,2,0,0,3
007,0,0,0,0,4,0,0,2,3,0,0,0,2,0,0,3
007,0,0,0,0,0,0,1,0,0,4,0,0,2,0,0,3
007,0,0,0,0,0,0,0,2,0,4,0,0,2,0,0,3
007,0,0,0,4,4,0,0,0,0,0,2,0,2,0,0,3
007,1,0,0,0,0,3,0,0,0,0,2,0,2,0,0,3
007,0,0,0,0,4,3,0,0,0,0,2,0,2,0,0,3
007,0,0,3,0,0,0,0,0,0,4,2,0,2,0,0,3
007,0,0,0,4,0,0,0,0,0,4,2,0,2,0,0,3
007,0,0,0,0,4,0,0,0,0,4,2,0,2,0,0,3
007,0,0,0,0,0,3,0,0,0,4,2,0,2,0,0,3
007,0,0,0,0,4,0,0,0,0,0,0,1,2,0,0,3
007,0,0,0,0,0,3,0,0,0,0,0,1,2,0,0,3
007,1,0,0,0,0,0,0,0,3,0,0,1,2,0,0,3
007,0,0,0,0,0,0,0,2,3,0,0,1,2,0,0,3
007,0,0,0,0,4,0,1,0,0,0,0,0,0,1,0,3
007,0,0,0,0,4,0,0,2,0,0,0,0,0,1,0,3
007,0,2,0,0,0,3,0,2,0,0,0,0,0,1,0,3
007,0,0,0,0,0,3,1,2,0,0,0,0,0,1,0,3
007,0,0,0,4,0,0,1,0,3,0,0,0,0,1,0,3
007,0,2,0,0,0,0,0,2,3,0,0,0,0,1,0,3
007,0,0,0,0,0,0,1,2,3,0,0,0,0,1,0,3
007,0,0,0,0,0,0,1,0,0,4,0,0,0,1,0,3
007,0,0,0,0,0,0,0,2,0,4,0,0,0,1,0,3
007,0,0,0,0,4,0,0,0,0,0,2,0,0,1,0,3
007,0,0,0,0,0,3,0,0,0,0,2,0,0,1,0,3
007,1,0,0,0,0,0,0,0,3,0,2,0,0,1,0,3
007,0,2,0,0,0,0,0,0,3,0,2,0,0,1,0,3
007,0,0,0,0,0,0,1,0,3,0,2,0,0,1,0,3
007,0,0,0,0,0,0,0,2,3,0,2,0,0,1,0,3
007,0,0,0,0,4,0,0,0,0,0,0,1,0,1,0,3
007,0,0,0,0,0,3,0,2,0,0,0,1,0,1,0,3
007,0,0,0,4,0,0,0,0,0,4,0,1,0,1,0,3
007,0,0,0,0,0,3,0,0,0,4,0,1,0,1,0,3
007,0,0,0,0,0,3,0,2,0,0,0,0,2,1,0,3
007,0,0,0,0,0,0,0,2,3,0,0,0,2,1,0,3
007,1,0,0,0,0,3,1,0,0,0,0,0,0,0,4,3
007,0,2,0,0,4,0,0,2,0,0,0,0,0,0,4,3
007,0,2,0,0,4,0,0,0,0,0,2,0,0,0,4,3
007,1,0,0,0,0,3,0,0,0,0,2,0,0,0,4,3
007,0,2,0,0,4,0,0,0,0,0,0,1,0,0,4,3
007,1,0,0,0,0,3,0,0,0,0,0,1,0,0,4,3
007,0,0,0,0,4,0,0,2,0,0,0,0,2,0,4,3
007,0,0,0,0,4,0,0,0,0,0,2,0,2,0,4,3
007,0,0,0,0,0,3,1,0,0,0,0,0,0,1,4,3
007,0,0,0,0,0,3,0,0,0,0,0,1,0,1,4,3
008,0,0,3,0,4,0,2,0,2,1,0,0,0,0,0,0
008,0,0,0,4,4,0,2,0,2,1,0,0,0,0,0,0
008,1,0,3,0,0,3,2,0,2,1,0,0,0,0,0,0
008,0,0,0,4,0,3,2,0,2,1,0,0,0,0,0,0
008,0,0,3,0,4,0,0,1,2,1,0,0,0,0,0,0
008,0,2,0,4,4,0,0,1,2,1,0,0,0,0,0,0
008,0,0,3,0,0,3,0,1,2,1,0,0,0,0,0,0
008,0,0,0,4,0,3,0,1,2,1,0,0,0,0,0,0
008,1,0,0,0,4,0,2,0,2,0,4,0,0,0,0,0
008,0,0,3,0,4,0,2,0,2,0,4,0,0,0,0,0
008,1,0,0,0,0,3,2,0,2,0,4,0,0,0,0,0
008,0,0,0,4,0,3,2,0,2,0,4,0,0,0,0,0
008,0,0,0,0,4,3,2,0,2,0,4,0,0,0,0,0
008,0,2,0,0,4,0,0,1,2,0,4,0,0,0,0,0
008,0,0,3,0,4,0,0,1,2,0,4,0,0,0,0,0
008,0,0,0,0,0,3,0,1,2,0,4,0,0,0,0,0
008,0,0,0,0,4,0,2,1,2,0,4,0,0,0,0,0
008,0,0,0,0,4,0,2,0,2,1,4,0,0,0,0,0
008,0,0,0,0,4,0,2,0,0,1,0,3,0,0,0,0
008,1,0,0,0,0,3,2,0,0,1,0,3,0,0,0,0
008,0,0,0,4,0,3,2,0,0,1,0,3,0,0,0,0
008,0,2,0,0,4,0,0,1,0,1,0,3,0,0,0,0
008,0,0,3,0,4,0,0,1,0,1,0,3,0,0,0,0
008,0,2,0,0,0,3,0,1,0,1,0,3,0,0,0,0
008,0,0,0,4,0,3,0,1,0,1,0,3,0,0,0,0
008,0,0,0,0,4,3,0,1,0,1,0,3,0,0,0,0
008,0,0,0,0,0,3,2,1,0,1,0,3,0,0,0,0
008,0,0,0,0,0,3,0,1,2,1,0,3,0,0,0,0
008,1,0,0,0,4,0,2,0,0,0,4,3,0,0,0,0
008,0,2,0,0,4,0,2,0,0,0,4,3,0,0,0,0
008,1,0,0,0,0,3,2,0,0,0,4,3,0,0,0,0
008,0,2,0,4,0,3,2,0,0,0,4,3,0,0,0,0
008,0,2,0,0,4,0,0,1,0,0,4,3,0,0,0,0
008,1,0,3,0,4,0,0,1,0,0,4,3,0,0,0,0
008,1,0,0,0,0,3,0,1,0,0,4,3,0,0,0,0
008,0,2,0,0,0,3,0,1,0,0,4,3,0,0,0,0
008,0,0,0,0,4,0,2,0,2,0,4,3,0,0,0,0
008,0,0,0,0,0,3,0,1,0,1,4,3,0,0,0,0
008,1,0,3,0,0,0,2,0,0,1,0,0,3,0,0,0
008,1,0,0,4,0,0,2,0,0,1,0,0,3,0,0,0
008,0,2,0,4,0,0,2,0,0,1,0,0,3,0,0,0
008,0,0,3,4,0,0,2,0,0,1,0,0,3,0,0,0
008,0,0,3,0,4,0,2,0,0,1,0,0,3,0,0,0
008,0,0,0,4,4,0,2,0,0,1,0,0,3,0,0,0
008,0,0,0,4,0,3,2,0,0,1,0,0,3,0,0,0
008,0,2,3,0,0,0,0,1,0,1,0,0,3,0,0,0
008,0,2,0,4,0,0,0,1,0,1,0,0,3,0,0,0
008,0,0,3,4,0,0,0,1,0,1,0,0,3,0,0,0
008,0,0,3,0,4,0,0,1,0,1,0,0,3,0,0,0
008,0,0,0,4,0,3,0,1,0,1,0,0,3,0,0,0
008,0,0,3,0,0,0,2,1,0,1,0,0,3,0,0,0
008,0,0,0,4,0,0,2,1,0,1,0,0,3,0,0,0
008,0,0,0,4,0,0,2,0,2,1,0,0,3,0,0,0
008,0,0,3,0,0,0,0,1,2,1,0,0,3,0,0,0
008,1,0,0,0,0,0,2,0,0,0,4,0,3,0,0,0
008,0,2,0,4,0,0,2,0,0,0,4,0,3,0,0,0
008,0,2,0,0,4,0,2,0,0,0,4,0,3,0,0,0
008,0,2,0,0,0,0,0,1,0,0,4,0,3,0,0,0
008,1,0,3,0,0,0,0,1,0,0,4,0,3,0,0,0
008,1,0,0,0,0,3,0,1,0,0,4,0,3,0,0,0
008,0,0,0,4,0,0,2,0,2,0,4,0,3,0,0,0
008,0,0,0,0,4,0,2,0,2,0,4,0,3,0,0,0
008,0,0,3,0,0,0,0,1,2,0,4,0,3,0,0,0
008,0,0,0,0,0,0,2,1,2,0,4,0,3,0,0,0
008,0,0,0,4,0,0,2,0,0,1,4,0,3,0,0,0
008,0,0,0,0,4,0,2,0,0,1,4,0,3,0,0,0
008,0,0,3,0,0,0,0,1,0,1,4,0,3,0,0,0
008,0,0,0,0,0,3,0,1,0,1,4,0,3,0,0,0
008,0,0,0,0,0,0,2,1,0,1,4,0,3,0,0,0
008,1,0,0,0,0,0,2,0,0,1,0,3,3,0,0,0
008,0,0,0,4,0,0,2,0,0,1,0,3,3,0,0,0
008,0,2,0,0,0,0,0,1,0,1,0,3,3,0,0,0
008,0,0,0,0,0,0,2,1,0,1,0,3,3,0,0,0
008,1,0,3,0,0,0,2,0,2,0,0,0,0,4,0,0
008,1,0,0,4,0,0,2,0,2,0,0,0,0,4,0,0
008,0,0,3,4,0,0,2,0,2,0,0,0,0,4,0,0
008,0,0,3,0,4,0,2,0,2,0,0,0,0,4,0,0
008,0,0,0,4,0,3,2,0,2,0,0,0,0,4,0,0
008,1,0,3,0,0,0,0,1,2,0,0,0,0,4,0,0
008,0,2,3,0,0,0,0,1,2,0,0,0,0,4,0,0
008,0,2,0,4,0,0,0,1,2,0,0,0,0,4,0,0
008,0,0,3,4,0,0,0,1,2,0,0,0,0,4,0,0
008,0,0,3,0,4,0,0,1,2,0,0,0,0,4,0,0
008,0,0,3,0,0,3,0,1,2,0,0,0,0,4,0,0
008,0,0,0,4,0,3,0,1,2,0,0,0,0,4,0,0
008,0,0,3,0,0,0,2,1,2,0,0,0,0,4,0,0
008,0,0,0,4,0,0,2,1,2,0,0,0,0,4,0,0
008,0,0,0,4,0,0,2,0,2,1,0,0,0,4,0,0
008,0,0,3,0,0,0,0,1,2,1,0,0,0,4,0,0
008,1,0,0,0,0,0,2,0,2,0,4,0,0,4,0,0
008,0,2,0,0,0,0,0,1,2,0,4,0,0,4,0,0
008,0,0,3,0,0,0,0,1,2,0,4,0,0,4,0,0
008,0,0,0,0,0,0,2,1,2,0,4,0,0,4,0,0
008,1,0,0,0,0,0,2,0,0,0,0,3,0,4,0,0
008,0,2,0,4,0,0,2,0,0,0,0,3,0,4,0,0
008,0,2,0,0,4,0,2,0,0,0,0,3,0,4,0,0
008,0,2,0,0,0,0,0,1,0,0,0,3,0,4,0,0
008,1,0,3,0,0,0,0,1,0,0,0,3,0,4,0,0
008,1,0,0,0,0,3,0,1,0,0,0,3,0,4,0,0
008,0,0,0,4,0,0,2,0,2,0,0,3,0,4,0,0
008,0,0,0,0,4,0,2,0,2,0,0,3,0,4,0,0
008,0,0,3,0,0,0,0,1,2,0,0,3,0,4,0,0
008,0,0,0,0,0,3,0,1,2,0,0,3,0,4,0,0
008,0,0,0,0,0,0,2,1,2,0,0,3,0,4,0,0
008,0,0,0,4,0,0,2,0,0,1,0,3,0,4,0,0
008,0,0,3,0,0,0,0,1,0,1,0,3,0,4,0,0
008,0,0,0,0,0,3,0,1,0,1,0,3,0,4,0,0
008,0,0,0,0,0,0,2,1,0,1,0,3,0,4,0,0
008,1,0,3,0,0,0,2,0,0,0,0,0,3,4,0,0
008,1,0,0,4,0,0,2,0,0,0,0,0,3,4,0,0
008,0,2,0,4,0,0,2,0,0,0,0,0,3,4,0,0
008,0,2,3,0,4,0,2,0,0,0,0,0,3,4,0,0
008,1,0,3,0,0,0,0,1,0,0,0,0,3,4,0,0
008,0,2,3,0,0,0,0,1,0,0,0,0,3,4,0,0
008,0,2,0,4,0,0,0,1,0,0,0,0,3,4,0,0
008,1,0,0,4,0,3,0,1,0,0,0,0,3,4,0,0
008,0,0,0,4,0,0,2,0,2,0,0,0,3,4,0,0
008,0,0,3,0,0,0,0,1,2,0,0,0,3,4,0,0
008,0,0,0,4,0,0,2,0,0,1,0,0,3,4,0,0
008,0,0,3,0,0,0,0,1,0,1,0,0,3,4,0,0
008,0,0,3,0,4,0,0,0,2,0,0,0,0,0,1,0
008,0,2,0,4,4,0,0,0,2,0,0,0,0,0,1,0
008,1,0,3,0,0,3,0,0,2,0,0,0,0,0,1,0
008,0,0,0,4,0,3,0,0,2,0,0,0,0,0,1,0
008,0,0,0,4,4,0,2,0,2,0,0,0,0,0,1,0
008,0,0,3,0,0,3,0,1,2,0,0,0,0,0,1,0
008,0,2,0,0,4,0,0,0,2,0,4,0,0,0,1,0
008,1,0,0,0,0,3,0,0,2,0,4,0,0,0,1,0
008,0,0,0,0,4,3,0,0,2,0,4,0,0,0,1,0
008,0,0,0,0,4,0,2,0,2,0,4,0,0,0,1,0
008,1,2,0,0,4,0,0,0,0,0,0,3,0,0,1,0
008,1,0,3,0,4,0,0,0,0,0,0,3,0,0,1,0
008,0,2,3,0,4,0,0,0,0,0,0,3,0,0,1,0
008,0,2,0,4,4,0,0,0,0,0,0,3,0,0,1,0
008,1,2,0,0,0,3,0,0,0,0,0,3,0,0,1,0
008,1,0,0,4,0,3,0,0,0,0,0,3,0,0,1,0
008,0,2,0,4,0,3,0,0,0,0,0,3,0,0,1,0
008,1,0,0,0,4,3,0,0,0,0,0,3,0,0,1,0
008,0,2,0,0,4,3,0,0,0,0,0,3,0,0,1,0
008,1,0,0,0,4,0,2,0,0,0,0,3,0,0,1,0
008,0,2,0,0,4,0,2,0,0,0,0,3,0,0,1,0
008,1,0,0,0,0,3,2,0,0,0,0,3,0,0,1,0
008,0,2,0,0,4,0,0,1,0,0,0,3,0,0,1,0
008,0,2,0,0,0,3,0,1,0,0,0,3,0,0,1,0
008,0,2,0,0,4,0,0,0,2,0,0,3,0,0,1,0
008,1,0,0,0,0,3,0,0,2,0,0,3,0,0,1,0
008,0,0,0,0,4,3,0,0,2,0,0,3,0,0,1,0
008,0,0,0,0,4,0,2,0,2,0,0,3,0,0,1,0
008,0,0,0,0,0,3,0,1,2,0,0,3,0,0,1,0
008,0,2,0,0,4,0,0,0,0,1,0,3,0,0,1,0
008,0,0,3,0,4,0,0,0,0,1,0,3,0,0,1,0
008,0,0,0,4,0,3,0,0,0,1,0,3,0,0,1,0
008,0,0,0,0,4,3,0,0,0,1,0,3,0,0,1,0
008,0,2,0,0,4,0,0,0,0,0,4,3,0,0,1,0
008,1,0,0,0,0,3,0,0,0,0,4,3,0,0,1,0
008,1,2,3,0,0,0,0,0,0,0,0,0,3,0,1,0
008,0,2,0,4,0,0,0,0,0,0,0,0,3,0,1,0
008,1,0,3,4,0,0,0,0,0,0,0,0,3,0,1,0
008,1,0,3,0,4,0,0,0,0,0,0,0,3,0,1,0
008,0,2,3,0,4,0,0,0,0,0,0,0,3,0,1,0
008,1,0,0,4,0,3,0,0,0,0,0,0,3,0,1,0
008,1,0,3,0,0,0,2,0,0,0,0,0,3,0,1,0
008,1,0,0,4,0,0,2,0,0,0,0,0,3,0,1,0
008,0,2,3,0,0,0,0,1,0,0,0,0,3,0,1,0
008,1,0,3,0,0,0,0,0,2,0,0,0,3,0,1,0
008,0,0,3,4,0,0,0,0,2,0,0,0,3,0,1,0
008,0,0,0,4,0,0,2,0,2,0,0,0,3,0,1,0
008,0,0,3,0,0,0,0,1,2,0,0,0,3,0,1,0
008,0,0,3,4,0,0,0,0,0,1,0,0,3,0,1,0
008,0,0,3,0,4,0,0,0,0,1,0,0,3,0,1,0
008,0,0,0,4,0,3,0,0,0,1,0,0,3,0,1,0
008,0,0,0,4,0,0,2,0,0,1,0,0,3,0,1,0
008,1,2,0,0,0,0,0,0,0,0,4,0,3,0,1,0
008,1,0,3,0,0,0,0,0,0,0,4,0,3,0,1,0
008,0,2,0,0,4,0,0,0,0,0,4,0,3,0,1,0
008,1,0,0,0,0,3,0,0,0,0,4,0,3,0,1,0
008,0,0,0,0,4,3,0,0,0,1,4,0,3,0,1,0
008,1,2,0,0,0,0,0,0,0,0,0,3,3,0,1,0
008,0,2,0,0,4,0,0,0,0,0,0,3,3,0,1,0
008,1,0,0,0,0,0,2,0,0,0,0,3,3,0,1,0
008,0,2,0,0,0,0,0,1,0,0,0,3,3,0,1,0
008,0,0,0,0,0,0,2,1,2,0,0,3,3,0,1,0
008,1,0,3,0,0,0,0,0,2,0,0,0,0,4,1,0
008,0,2,0,4,0,0,0,0,2,0,0,0,0,4,1,0
008,0,0,3,4,0,0,0,0,2,0,0,0,0,4,1,0
008,0,0,0,4,0,0,2,0,2,0,0,0,0,4,1,0
008,0,0,3,0,0,0,0,1,2,0,0,0,0,4,1,0
008,1,2,0,0,0,0,0,0,2,0,4,0,0,4,1,0
008,1,2,0,0,0,0,0,0,0,0,0,3,0,4,1,0
008,1,0,3,0,0,0,0,0,0,0,0,3,0,4,1,0
008,0,2,0,4,0,0,0,0,0,0,0,3,0,4,1,0
008,0,2,0,0,4,0,0,0,0,0,0,3,0,4,1,0
008,1,0,0,0,0,3,0,0,0,0,0,3,0,4,1,0
008,0,0,3,4,0,0,0,0,0,1,0,3,0,4,1,0
008,1,0,3,0,0,0,0,0,0,0,0,0,3,4,1,0
008,0,0,3,0,4,0,0,0,0,1,0,0,0,0,0,2
008,0,2,0,4,4,0,0,0,0,1,0,0,0,0,0,2
008,1,0,3,0,0,3,0,0,0,1,0,0,0,0,0,2
008,0,0,0,4,0,3,0,0,0,1,0,0,0,0,0,2
008,0,0,0,4,4,0,2,0,0,1,0,0,0,0,0,2
008,0,0,3,0,0,3,0,1,0,1,0,0,0,0,0,2
008,1,2,0,0,4,0,0,0,0,0,4,0,0,0,0,2
008,1,0,3,0,4,0,0,0,0,0,4,0,0,0,0,2
008,0,2,3,0,4,0,0,0,0,0,4,0,0,0,0,2
008,1,2,0,0,0,3,0,0,0,0,4,0,0,0,0,2
008,1,0,3,0,0,3,0,0,0,0,4,0,0,0,0,2
008,1,0,0,4,0,3,0,0,0,0,4,0,0,0,0,2
008,0,2,0,4,0,3,0,0,0,0,4,0,0,0,0,2
008,1,0,0,0,4,3,0,0,0,0,4,0,0,0,0,2
008,0,2,0,0,4,3,0,0,0,0,4,0,0,0,0,2
008,1,0,0,0,4,0,2,0,0,0,4,0,0,0,0,2
008,1,0,0,0,0,3,2,0,0,0,4,0,0,0,0,2
008,0,2,0,0,4,0,0,1,0,0,4,0,0,0,0,2
008,1,0,0,0,0,3,0,1,0,0,4,0,0,0,0,2
008,0,2,0,0,0,3,0,1,0,0,4,0,0,0,0,2
008,0,0,3,0,4,0,0,0,2,0,4,0,0,0,0,2
008,1,0,0,0,0,3,0,0,2,0,4,0,0,0,0,2
008,0,0,0,4,0,3,0,0,2,0,4,0,0,0,0,2
008,0,0,0,0,4,3,0,0,2,0,4,0,0,0,0,2
008,0,2,0,0,4,0,0,0,0,1,4,0,0,0,0,2
008,1,0,0,0,0,3,0,0,0,1,4,0,0,0,0,2
008,0,0,0,0,4,3,0,0,0,1,4,0,0,0,0,2
008,0,0,0,0,4,0,2,0,0,1,4,0,0,0,0,2
008,0,0,0,0,0,3,0,1,0,1,4,0,0,0,0,2
008,0,2,0,0,4,0,0,0,0,1,0,3,0,0,0,2
008,1,0,0,0,0,3,0,0,0,1,0,3,0,0,0,2
008,0,0,0,0,4,3,0,0,0,1,0,3,0,0,0,2
008,0,0,0,0,0,3,0,1,0,1,0,3,0,0,0,2
008,0,2,0,0,4,0,0,0,0,0,4,3,0,0,0,2
008,1,0,0,0,0,3,0,0,0,0,4,3,0,0,0,2
008,1,0,3,0,0,0,0,0,0,1,0,0,3,0,0,2
008,0,2,0,4,0,0,0,0,0,1,0,0,3,0,0,2
008,0,0,3,4,0,0,0,0,0,1,0,0,3,0,0,2
008,0,0,0,4,0,0,2,0,0,1,0,0,3,0,0,2
008,0,0,3,0,0,0,0,1,0,1,0,0,3,0,0,2
008,1,2,0,0,0,0,0,0,0,0,4,0,3,0,0,2
008,1,0,3,0,0,0,0,0,0,0,4,0,3,0,0,2
008,0,2,0,4,0,0,0,0,0,0,4,0,3,0,0,2
008,0,2,0,0,4,0,0,0,0,0,4,0,3,0,0,2
008,1,0,0,0,0,3,0,0,0,0,4,0,3,0,0,2
008,0,0,3,4,0,0,0,0,2,0,4,0,3,0,0,2
008,1,2,0,0,0,0,0,0,0,1,0,3,3,0,0,2
008,1,0,3,0,0,0,0,0,0,0,0,0,0,4,0,2
008,1,2,0,4,0,0,0,0,0,0,0,0,0,4,0,2
008,0,2,3,4,0,0,0,0,0,0,0,0,0,4,0,2
008,0,2,3,0,4,0,0,0,0,0,0,0,0,4,0,2
008,1,0,0,4,0,3,0,0,0,0,0,0,0,4,0,2
008,0,2,0,4,0,3,0,0,0,0,0,0,0,4,0,2
008,1,0,0,4,0,0,2,0,0,0,0,0,0,4,0,2
008,0,2,3,0,0,0,0,1,0,0,0,0,0,4,0,2
008,0,2,0,4,0,0,0,1,0,0,0,0,0,4,0,2
008,0,0,3,4,0,0,0,0,2,0,0,0,0,4,0,2
008,0,0,3,0,4,0,0,0,2,0,0,0,0,4,0,2
008,0,0,0,4,0,3,0,0,2,0,0,0,0,4,0,2
008,0,0,3,0,0,0,0,1,2,0,0,0,0,4,0,2
008,0,2,0,4,0,0,0,0,0,1,0,0,0,4,0,2
008,0,0,3,4,0,0,0,0,0,1,0,0,0,4,0,2
008,0,0,0,4,0,0,2,0,0,1,0,0,0,4,0,2
008,0,0,3,0,0,0,0,1,0,1,0,0,0,4,0,2
008,1,2,0,0,0,0,0,0,0,0,4,0,0,4,0,2
008,1,0,0,0,0,3,0,0,0,0,4,0,0,4,0,2
008,1,0,0,0,0,0,2,0,0,0,4,0,0,4,0,2
008,0,2,0,0,0,0,0,1,0,0,4,0,0,4,0,2
008,0,0,0,0,0,0,2,1,0,1,4,0,0,4,0,2
008,1,2,0,0,0,0,0,0,0,0,0,3,0,4,0,2
008,0,2,0,4,0,0,0,0,0,0,0,3,0,4,0,2
008,0,2,0,0,4,0,0,0,0,0,0,3,0,4,0,2
008,1,0,0,0,0,3,0,0,0,0,0,3,0,4,0,2
008,0,0,0,0,4,3,0,0,2,0,0,3,0,4,0,2
008,0,2,0,4,0,0,0,0,0,0,0,0,3,4,0,2
008,1,0,3,0,4,0,0,0,0,0,0,0,0,0,1,2
008,0,2,3,0,4,0,0,0,0,0,0,0,0,0,1,2
008,0,2,0,4,4,0,0,0,0,0,0,0,0,0,1,2
008,1,0,3,0,0,3,0,0,0,0,0,0,0,0,1,2
008,1,0,0,4,0,3,0,0,0,0,0,0,0,0,1,2
008,0,2,0,4,0,3,0,0,0,0,0,0,0,0,1,2
008,1,0,0,4,4,0,2,0,0,0,0,0,0,0,1,2
008,0,2,3,0,0,3,0,1,0,0,0,0,0,0,1,2
008,0,2,0,0,4,0,0,0,0,0,4,0,0,0,1,2
008,1,0,0,0,0,3,0,0,0,0,4,0,0,0,1,2
008,0,2,0,0,4,0,0,0,0,0,0,3,0,0,1,2
008,1,0,0,0,0,3,0,0,0,0,0,3,0,0,1,2
008,1,0,3,0,0,0,0,0,0,0,0,0,3,0,1,2
008,0,2,0,4,0,0,0,0,0,0,0,0,0,4,1,2
009,1,0,3,0,0,0,0,0,2,4,0,0,0,0,0,0
009,1,2,0,4,0,0,0,0,2,4,0,0,0,0,0,0
009,0,0,3,4,0,0,0,0,2,4,0,0,0,0,0,0
009,0,0,3,0,4,0,0,0,2,4,0,0,0,0,0,0
009,0,0,0,4,0,3,0,0,2,4,0,0,0,0,0,0
009,1,0,0,0,0,0,2,0,2,4,0,0,0,0,0,0
009,0,0,0,0,4,3,2,0,2,4,0,0,0,0,0,0
009,0,2,0,0,0,0,0,1,2,4,0,0,0,0,0,0
009,0,0,0,0,0,3,0,1,2,4,0,0,0,0,0,0
009,0,0,0,0,0,0,2,1,2,4,0,0,0,0,0,0
009,1,2,3,0,0,0,0,0,2,0,1,0,0,0,0,0
009,0,2,0,4,0,0,0,0,2,0,1,0,0,0,0,0
009,0,0,3,4,0,0,0,0,2,0,1,0,0,0,0,0
009,1,2,0,0,4,0,0,0,2,0,1,0,0,0,0,0
009,0,0,3,0,4,0,0,0,2,0,1,0,0,0,0,0
009,1,0,0,0,0,3,0,0,2,0,1,0,0,0,0,0
009,0,0,0,4,0,3,0,0,2,0,1,0,0,0,0,0
009,0,0,0,0,4,3,0,0,2,0,1,0,0,0,0,0
009,1,0,3,0,0,0,2,0,2,0,1,0,0,0,0,0
009,0,0,0,4,0,0,2,0,2,0,1,0,0,0,0,0
009,1,0,0,0,4,0,2,0,2,0,1,0,0,0,0,0
009,0,2,3,0,0,0,0,1,2,0,1,0,0,0,0,0
009,0,2,0,0,4,0,0,1,2,0,1,0,0,0,0,0
009,0,0,0,0,0,3,0,1,2,0,1,0,0,0,0,0
009,0,0,3,0,0,0,2,1,2,0,1,0,0,0,0,0
009,0,0,0,0,4,0,2,1,2,0,1,0,0,0,0,0
009,1,2,0,0,0,0,0,0,2,4,1,0,0,0,0,0
009,0,0,0,0,4,0,2,0,2,4,1,0,0,0,0,0
009,1,2,0,0,0,0,0,0,0,4,0,3,0,0,0,0
009,1,0,3,0,0,0,0,0,0,4,0,3,0,0,0,0
009,0,2,3,4,0,0,0,0,0,4,0,3,0,0,0,0
009,0,2,3,0,4,0,0,0,0,4,0,3,0,0,0,0
009,1,0,0,0,0,3,0,0,0,4,0,3,0,0,0,0
009,0,2,0,4,0,3,0,0,0,4,0,3,0,0,0,0
009,0,2,0,0,4,3,0,0,0,4,0,3,0,0,0,0
009,1,0,0,0,0,0,2,0,0,4,0,3,0,0,0,0
009,0,0,0,4,0,0,2,0,0,4,0,3,0,0,0,0
009,0,0,0,0,4,0,2,0,0,4,0,3,0,0,0,0
009,0,2,0,0,0,0,0,1,0,4,0,3,0,0,0,0
009,0,0,3,4,0,0,0,1,0,4,0,3,0,0,0,0
009,0,0,3,0,4,0,0,1,0,4,0,3,0,0,0,0
009,0,0,0,4,0,3,0,1,0,4,0,3,0,0,0,0
009,0,0,0,0,4,3,0,1,0,4,0,3,0,0,0,0
009,0,0,0,0,0,0,2,1,0,4,0,3,0,0,0,0
009,0,2,0,4,0,0,0,0,2,4,0,3,0,0,0,0
009,0,0,0,0,4,3,0,0,2,4,0,3,0,0,0,0
009,1,2,0,0,0,0,0,0,0,0,1,3,0,0,0,0
009,0,2,0,4,0,0,0,0,0,0,1,3,0,0,0,0
009,1,0,3,4,0,0,0,0,0,0,1,3,0,0,0,0
009,0,0,3,0,4,0,0,0,0,0,1,3,0,0,0,0
009,0,0,0,4,0,3,0,0,0,0,1,3,0,0,0,0
009,0,0,0,0,4,3,0,0,0,0,1,3,0,0,0,0
009,1,0,0,0,0,0,2,0,0,0,1,3,0,0,0,0
009,0,0,0,0,4,0,2,0,0,0,1,3,0,0,0,0
009,0,2,0,0,0,0,0,1,0,0,1,3,0,0,0,0
009,0,0,0,0,0,3,2,1,0,0,1,3,0,0,0,0
009,1,0,3,0,0,0,0,0,2,0,1,3,0,0,0,0
009,0,0,0,0,0,0,2,1,2,0,1,3,0,0,0,0
009,0,0,3,4,0,0,0,0,0,4,1,3,0,0,0,0
009,0,0,0,0,0,3,0,1,0,4,1,3,0,0,0,0
009,1,0,3,0,0,0,0,0,0,4,0,0,3,0,0,0
009,0,2,0,4,0,0,0,0,0,4,0,0,3,0,0,0
009,0,2,3,0,4,0,0,0,0,4,0,0,3,0,0,0
009,1,0,0,4,0,3,0,0,0,4,0,0,3,0,0,0
009,1,0,0,0,0,0,2,0,0,4,0,0,3,0,0,0
009,0,0,3,4,0,0,2,0,0,4,0,0,3,0,0,0
009,0,2,0,0,4,0,2,0,0,4,0,0,3,0,0,0
009,0,0,3,0,4,0,2,0,0,4,0,0,3,0,0,0
009,0,0,0,4,0,3,2,0,0,4,0,0,3,0,0,0
009,0,2,0,0,0,0,0,1,0,4,0,0,3,0,0,0
009,0,0,3,4,0,0,0,1,0,4,0,0,3,0,0,0
009,0,0,3,0,4,0,0,1,0,4,0,0,3,0,0,0
009,1,0,0,0,0,3,0,1,0,4,0,0,3,0,0,0
009,0,0,0,4,0,3,0,1,0,4,0,0,3,0,0,0
009,0,0,3,0,0,0,2,1,0,4,0,0,3,0,0,0
009,0,0,0,4,0,0,2,1,0,4,0,0,3,0,0,0
009,0,0,0,4,0,0,2,0,2,4,0,0,3,0,0,0
009,0,0,0,0,4,0,2,0,2,4,0,0,3,0,0,0
009,0,0,3,0,0,0,0,1,2,4,0,0,3,0,0,0
009,1,2,0,0,0,0,0,0,0,0,1,0,3,0,0,0
009,0,2,0,4,0,0,0,0,0,0,1,0,3,0,0,0
009,0,0,3,4,0,0,0,0,0,0,1,0,3,0,0,0
009,0,2,0,0,4,0,0,0,0,0,1,0,3,0,0,0
009,0,0,3,0,4,0,0,0,0,0,1,0,3,0,0,0
009,0,0,0,4,0,3,0,0,0,0,1,0,3,0,0,0
009,0,0,0,0,4,3,0,0,0,0,1,0,3,0,0,0
009,1,0,0,0,0,0,2,0,0,0,1,0,3,0,0,0
009,0,0,0,4,0,0,2,0,0,0,1,0,3,0,0,0
009,0,0,0,0,4,0,2,0,0,0,1,0,3,0,0,0
009,0,2,0,0,0,0,0,1,0,0,1,0,3,0,0,0
009,0,0,0,0,0,0,2,1,0,0,1,0,3,0,0,0
009,1,0,3,0,0,0,0,0,2,0,1,0,3,0,0,0
009,0,0,3,0,0,0,0,1,2,0,1,0,3,0,0,0
009,1,0,0,0,0,3,0,0,0,4,1,0,3,0,0,0
009,0,0,3,0,0,0,0,1,0,4,1,0,3,0,0,0
009,0,0,0,0,0,3,0,1,0,4,1,0,3,0,0,0
009,0,2,0,0,4,0,0,0,0,4,0,3,3,0,0,0
009,0,0,3,0,4,0,0,0,2,0,0,0,0,1,0,0
009,0,2,0,4,4,0,0,0,2,0,0,0,0,1,0,0
009,1,0,3,0,0,3,0,0,2,0,0,0,0,1,0,0
009,0,0,0,4,0,3,0,0,2,0,0,0,0,1,0,0
009,1,0,3,0,0,0,2,0,2,0,0,0,0,1,0,0
009,1,0,0,4,0,0,2,0,2,0,0,0,0,1,0,0
009,0,0,3,4,0,0,2,0,2,0,0,0,0,1,0,0
009,0,0,0,0,4,0,2,0,2,0,0,0,0,1,0,0
009,1,0,0,0,0,3,2,0,2,0,0,0,0,1,0,0
009,0,2,3,0,0,0,0,1,2,0,0,0,0,1,0,0
009,0,2,0,4,0,0,0,1,2,0,0,0,0,1,0,0
009,0,0,3,4,0,0,0,1,2,0,0,0,0,1,0,0
009,0,2,0,0,4,0,0,1,2,0,0,0,0,1,0,0
009,0,0,0,0,0,3,0,1,2,0,0,0,0,1,0,0
009,0,0,3,0,0,0,2,1,2,0,0,0,0,1,0,0
009,0,0,0,4,0,0,2,1,2,0,0,0,0,1,0,0
009,0,2,0,4,0,0,0,0,2,4,0,0,0,1,0,0
009,0,0,0,4,0,0,2,0,2,4,0,0,0,1,0,0
009,0,0,3,0,0,0,0,1,2,4,0,0,0,1,0,0
009,0,2,0,0,4,0,0,0,2,0,1,0,0,1,0,0
009,1,2,0,0,0,0,0,0,0,0,0,3,0,1,0,0
009,0,2,0,4,0,0,0,0,0,0,0,3,0,1,0,0
009,0,0,3,4,0,0,0,0,0,0,0,3,0,1,0,0
009,0,2,0,0,4,0,0,0,0,0,0,3,0,1,0,0
009,0,0,3,0,4,0,0,0,0,0,0,3,0,1,0,0
009,0,0,0,4,0,3,0,0,0,0,0,3,0,1,0,0
009,0,0,0,0,4,3,0,0,0,0,0,3,0,1,0,0
009,1,0,0,0,0,0,2,0,0,0,0,3,0,1,0,0
009,0,0,0,4,0,0,2,0,0,0,0,3,0,1,0,0
009,0,0,0,0,4,0,2,0,0,0,0,3,0,1,0,0
009,0,2,0,0,0,0,0,1,0,0,0,3,0,1,0,0
009,0,0,0,0,0,0,2,1,0,0,0,3,0,1,0,0
009,1,0,3,0,0,0,0,0,2,0,0,3,0,1,0,0
009,1,0,0,0,0,3,0,0,2,0,0,3,0,1,0,0
009,0,0,3,0,0,0,0,1,2,0,0,3,0,1,0,0
009,0,0,3,0,0,0,0,1,0,4,0,3,0,1,0,0
009,0,0,0,0,0,3,0,1,0,4,0,3,0,1,0,0
009,1,2,3,0,0,0,0,0,0,0,0,0,3,1,0,0
009,0,2,0,4,0,0,0,0,0,0,0,0,3,1,0,0
009,0,0,3,4,0,0,0,0,0,0,0,0,3,1,0,0
009,0,0,3,0,4,0,0,0,0,0,0,0,3,1,0,0
009,0,0,0,4,0,3,0,0,0,0,0,0,3,1,0,0
009,1,0,0,0,0,0,2,0,0,0,0,0,3,1,0,0
009,0,0,0,0,4,0,2,0,0,0,0,0,3,1,0,0
009,0,2,0,0,0,0,0,1,0,0,0,0,3,1,0,0
009,0,0,0,0,4,3,0,1,0,0,0,0,3,1,0,0
009,0,0,0,0,0,0,2,1,0,0,0,0,3,1,0,0
009,1,0,3,0,0,0,0,0,2,0,0,0,3,1,0,0
009,0,0,0,4,0,0,2,0,2,0,0,0,3,1,0,0
009,0,0,3,0,0,0,0,1,2,0,0,0,3,1,0,0
009,0,0,0,4,0,0,2,0,0,4,0,0,3,1,0,0
009,0,0,3,0,0,0,0,1,0,4,0,0,3,1,0,0
009,0,0,0,0,0,3,0,1,0,4,0,0,3,1,0,0
009,1,2,0,0,0,0,0,0,2,0,0,0,0,0,4,0
009,1,0,3,0,0,0,0,0,2,0,0,0,0,0,4,0
009,0,0,3,4,0,0,0,0,2,0,0,0,0,0,4,0
009,0,0,3,0,4,0,0,0,2,0,0,0,0,0,4,0
009,1,0,0,0,0,3,0,0,2,0,0,0,0,0,4,0
009,0,0,0,4,0,3,0,0,2,0,0,0,0,0,4,0
009,0,0,0,0,4,3,0,0,2,0,0,0,0,0,4,0
009,1,0,0,0,0,0,2,0,2,0,0,0,0,0,4,0
009,0,2,0,0,0,0,0,1,2,0,0,0,0,0,4,0
009,0,0,3,0,0,0,0,1,2,0,0,0,0,0,4,0
009,0,0,0,0,0,3,0,1,2,0,0,0,0,0,4,0
009,0,0,0,0,0,0,2,1,2,0,0,0,0,0,4,0
009,0,2,0,0,4,0,0,0,2,0,1,0,0,0,4,0
009,0,0,0,0,4,0,2,0,2,0,1,0,0,0,4,0
009,1,2,0,0,4,0,0,0,0,0,0,3,0,0,4,0
009,1,0,3,0,4,0,0,0,0,0,0,3,0,0,4,0
009,0,2,3,0,4,0,0,0,0,0,0,3,0,0,4,0
009,1,2,0,0,0,3,0,0,0,0,0,3,0,0,4,0
009,1,0,0,4,0,3,0,0,0,0,0,3,0,0,4,0
009,0,2,0,4,0,3,0,0,0,0,0,3,0,0,4,0
009,1,0,0,0,4,3,0,0,0,0,0,3,0,0,4,0
009,0,2,0,0,4,3,0,0,0,0,0,3,0,0,4,0
009,1,0,0,0,0,0,2,0,0,0,0,3,0,0,4,0
009,0,2,0,4,0,0,2,0,0,0,0,3,0,0,4,0
009,0,0,0,0,4,0,2,0,0,0,0,3,0,0,4,0
009,0,0,0,4,0,3,2,0,0,0,0,3,0,0,4,0
009,0,2,0,0,0,0,0,1,0,0,0,3,0,0,4,0
009,1,0,3,0,0,0,0,1,0,0,0,3,0,0,4,0
009,0,0,3,0,4,0,0,1,0,0,0,3,0,0,4,0
009,0,0,0,0,0,3,0,1,0,0,0,3,0,0,4,0
009,0,2,0,4,0,0,0,0,2,0,0,3,0,0,4,0
009,0,2,0,0,4,0,0,0,2,0,0,3,0,0,4,0
009,0,0,0,4,0,0,2,0,2,0,0,3,0,0,4,0
009,0,0,3,0,0,0,0,1,0,4,0,3,0,0,4,0
009,1,0,3,0,0,0,0,0,0,0,1,3,0,0,4,0
009,0,2,0,0,4,0,0,0,0,0,1,3,0,0,4,0
009,1,0,0,0,0,3,0,0,0,0,1,3,0,0,4,0
009,1,2,0,0,0,0,0,0,0,0,0,0,3,0,4,0
009,0,2,0,4,0,0,0,0,0,0,0,0,3,0,4,0
009,1,0,3,4,0,0,0,0,0,0,0,0,3,0,4,0
009,0,2,0,0,4,0,0,0,0,0,0,0,3,0,4,0
009,1,0,3,0,4,0,0,0,0,0,0,0,3,0,4,0
009,1,0,0,4,0,3,0,0,0,0,0,0,3,0,4,0
009,1,0,0,0,4,3,0,0,0,0,0,0,3,0,4,0
009,1,0,0,0,0,0,2,0,0,0,0,0,3,0,4,0
009,0,0,3,4,0,0,2,0,0,0,0,0,3,0,4,0
009,0,0,3,0,4,0,2,0,0,0,0,0,3,0,4,0
009,0,0,0,4,0,3,2,0,0,0,0,0,3,0,4,0
009,0,0,0,0,4,3,2,0,0,0,0,0,3,0,4,0
009,0,2,0,0,0,0,0,1,0,0,0,0,3,0,4,0
009,0,0,3,0,0,0,0,1,0,0,0,0,3,0,4,0
009,0,0,0,0,0,3,0,1,0,0,0,0,3,0,4,0
009,0,0,0,0,0,0,2,1,0,0,0,0,3,0,4,0
009,0,0,0,4,0,0,2,0,2,0,0,0,3,0,4,0
009,0,0,0,0,4,0,2,0,2,0,0,0,3,0,4,0
009,1,0,0,0,0,3,0,0,0,4,0,0,3,0,4,0
009,1,0,3,0,0,0,0,0,0,0,1,0,3,0,4,0
009,1,0,0,0,0,3,0,0,0,0,1,0,3,0,4,0
009,0,0,0,4,0,0,2,0,0,0,0,3,3,0,4,0
009,0,2,0,4,0,0,0,0,2,0,0,0,0,1,4,0
009,0,2,0,0,4,0,0,0,2,0,0,0,0,1,4,0
009,0,0,0,4,0,0,2,0,2,0,0,0,0,1,4,0
009,1,0,3,0,0,0,0,0,0,0,0,3,0,1,4,0
009,1,0,0,0,0,3,0,0,0,0,0,3,0,1,4,0
009,0,0,3,0,0,0,0,1,0,0,0,3,0,1,4,0
009,1,0,3,0,0,0,0,0,0,0,0,0,3,1,4,0
009,0,0,0,0,4,3,0,0,0,0,0,0,3,1,4,0
009,1,2,0,0,0,0,0,0,0,4,0,0,0,0,0,2
009,1,0,3,0,0,0,0,0,0,4,0,0,0,0,0,2
009,0,0,3,4,0,0,0,0,0,4,0,0,0,0,0,2
009,0,0,3,0,4,0,0,0,0,4,0,0,0,0,0,2
009,1,0,0,0,0,3,0,0,0,4,0,0,0,0,0,2
009,0,0,0,4,0,3,0,0,0,4,0,0,0,0,0,2
009,0,0,0,0,4,3,0,0,0,4,0,0,0,0,0,2
009,1,0,0,0,0,0,2,0,0,4,0,0,0,0,0,2
009,0,2,0,0,0,0,0,1,0,4,0,0,0,0,0,2
009,0,0,3,0,0,0,0,1,0,4,0,0,0,0,0,2
009,0,0,0,0,0,3,0,1,0,4,0,0,0,0,0,2
009,0,0,0,0,0,0,2,1,0,4,0,0,0,0,0,2
009,1,0,3,0,0,0,0,0,0,0,1,0,0,0,0,2
009,0,2,0,4,0,0,0,0,0,0,1,0,0,0,0,2
009,1,2,0,0,4,0,0,0,0,0,1,0,0,0,0,2
009,0,0,3,0,4,0,0,0,0,0,1,0,0,0,0,2
009,1,2,0,0,0,3,0,0,0,0,1,0,0,0,0,2
009,0,0,0,4,0,3,0,0,0,0,1,0,0,0,0,2
009,1,0,0,0,4,3,0,0,0,0,1,0,0,0,0,2
009,0,2,0,0,4,3,0,0,0,0,1,0,0,0,0,2
009,1,0,0,4,0,0,2,0,0,0,1,0,0,0,0,2
009,1,0,0,0,4,0,2,0,0,0,1,0,0,0,0,2
009,0,0,0,4,4,0,2,0,0,0,1,0,0,0,0,2
009,1,0,0,0,0,3,2,0,0,0,1,0,0,0,0,2
009,0,2,3,0,0,0,0,1,0,0,1,0,0,0,0,2
009,0,2,0,0,4,0,0,1,0,0,1,0,0,0,0,2
009,0,2,0,0,0,3,0,1,0,0,1,0,0,0,0,2
009,0,0,3,0,0,3,0,1,0,0,1,0,0,0,0,2
009,0,0,3,0,0,0,0,1,2,0,1,0,0,0,0,2
009,0,2,0,0,4,0,0,0,0,4,1,0,0,0,0,2
009,0,0,0,4,0,0,2,0,0,4,1,0,0,0,0,2
009,0,0,0,0,4,0,2,0,0,4,1,0,0,0,0,2
009,0,2,0,4,0,0,0,0,0,4,0,3,0,0,0,2
009,0,2,0,0,4,0,0,0,0,4,0,3,0,0,0,2
009,0,2,0,0,4,0,0,0,0,0,1,3,0,0,0,2
009,1,0,0,0,0,3,0,0,0,0,1,3,0,0,0,2
009,0,0,0,0,0,3,0,1,0,0,1,3,0,0,0,2
009,0,2,0,0,4,0,0,0,0,4,0,0,3,0,0,2
009,0,0,0,4,0,0,2,0,0,4,0,0,3,0,0,2
009,0,0,0,0,4,0,2,0,0,4,0,0,3,0,0,2
009,1,0,0,0,0,3,0,0,0,0,1,0,3,0,0,2
009,0,0,3,0,0,0,0,1,0,0,1,0,3,0,0,2
009,0,0,0,0,0,3,0,1,0,0,1,0,3,0,0,2
009,1,0,3,0,0,0,0,0,0,0,0,0,0,1,0,2
009,1,2,0,4,0,0,0,0,0,0,0,0,0,1,0,2
009,0,0,3,4,0,0,0,0,0,0,0,0,0,1,0,2
009,0,2,0,0,4,0,0,0,0,0,0,0,0,1,0,2
009,0,0,3,0,4,0,0,0,0,0,0,0,0,1,0,2
009,1,2,0,0,0,3,0,0,0,0,0,0,0,1,0,2
009,0,0,0,4,0,3,0,0,0,0,0,0,0,1,0,2
009,0,0,0,0,4,3,0,0,0,0,0,0,0,1,0,2
009,1,0,0,4,0,0,2,0,0,0,0,0,0,1,0,2
009,0,0,0,0,4,0,2,0,0,0,0,0,0,1,0,2
009,1,0,0,0,0,3,2,0,0,0,0,0,0,1,0,2
009,0,0,3,0,0,0,0,1,0,0,0,0,0,1,0,2
009,0,2,0,4,0,0,0,1,0,0,0,0,0,1,0,2
009,0,2,0,0,0,3,0,1,0,0,0,0,0,1,0,2
009,0,0,0,4,0,0,2,1,0,0,0,0,0,1,0,2
009,0,0,0,0,0,3,2,1,0,0,0,0,0,1,0,2
009,1,0,0,0,0,3,0,0,2,0,0,0,0,1,0,2
009,0,2,0,4,0,0,0,0,0,4,0,0,0,1,0,2
009,0,0,0,4,0,0,2,0,0,4,0,0,0,1,0,2
009,0,0,0,4,0,0,2,0,0,0,1,0,0,1,0,2
009,1,0,0,0,0,3,0,0,0,0,0,3,0,1,0,2
009,0,0,0,0,0,3,0,1,0,0,0,3,0,1,0,2
009,1,2,0,0,0,0,0,0,0,0,0,0,3,1,0,2
009,0,0,0,0,0,3,0,1,0,0,0,0,3,1,0,2
009,1,2,0,0,0,0,0,0,0,0,0,0,0,0,4,2
009,1,0,3,0,0,0,0,0,0,0,0,0,0,0,4,2
009,0,2,3,4,0,0,0,0,0,0,0,0,0,0,4,2
009,0,0,3,0,4,0,0,0,0,0,0,0,0,0,4,2
009,0,0,0,4,0,3,0,0,0,0,0,0,0,0,4,2
009,0,0,0,0,4,3,0,0,0,0,0,0,0,0,4,2
009,1,0,0,0,0,0,2,0,0,0,0,0,0,0,4,2
009,0,2,0,0,0,0,0,1,0,0,0,0,0,0,4,2
009,0,0,0,0,0,3,0,1,0,0,0,0,0,0,4,2
009,0,0,0,0,4,0,2,1,0,0,0,0,0,0,4,2
009,0,2,0,0,4,0,0,0,0,0,1,0,0,0,4,2
009,1,0,0,0,0,3,0,0,0,0,1,0,0,0,4,2
009,0,0,0,0,4,0,2,0,0,0,1,0,0,0,4,2
009,0,2,0,4,0,0,0,0,0,0,0,3,0,0,4,2
009,0,2,0,0,4,0,0,0,0,0,0,3,0,0,4,2
009,1,0,0,0,0,3,0,0,0,0,0,3,0,0,4,2
009,0,0,3,4,0,0,0,0,0,0,0,0,3,0,4,2
009,0,0,0,0,4,0,2,0,0,0,0,0,3,0,4,2
009,0,2,0,4,0,0,0,0,0,0,0,0,0,1,4,2
009,0,0,0,0,0,0,2,1,0,0,0,0,0,1,4,2
010,1,2,3,0,0,0,0,0,3,1,0,0,0,0,0,0
010,0,2,0,4,0,0,0,0,3,1,0,0,0,0,0,0
010,0,0,3,4,0,0,0,0,3,1,0,0,0,0,0,0
010,0,0,3,0,4,0,0,0,3,1,0,0,0,0,0,0
010,0,0,0,4,0,3,0,0,3,1,0,0,0,0,0,0
010,1,0,0,0,0,0,2,0,3,1,0,0,0,0,0,0
010,0,0,0,0,4,0,2,0,3,1,0,0,0,0,0,0
010,0,2,0,0,0,0,0,1,3,1,0,0,0,0,0,0
010,0,0,0,0,4,3,0,1,3,1,0,0,0,0,0,0
010,0,0,0,0,0,0,2,1,3,1,0,0,0,0,0,0
010,1,2,0,0,0,0,0,0,3,0,4,0,0,0,0,0
010,0,2,0,4,0,0,0,0,3,0,4,0,0,0,0,0
010,1,0,3,4,0,0,0,0,3,0,4,0,0,0,0,0
010,0,2,0,0,4,0,0,0,3,0,4,0,0,0,0,0
010,1,0,3,0,4,0,0,0,3,0,4,0,0,0,0,0
010,1,0,0,4,0,3,0,0,3,0,4,0,0,0,0,0
010,1,0,0,0,4,3,0,0,3,0,4,0,0,0,0,0
010,1,0,0,0,0,0,2,0,3,0,4,0,0,0,0,0
010,0,0,3,4,0,0,2,0,3,0,4,0,0,0,0,0
010,0,0,3,0,4,0,2,0,3,0,4,0,0,0,0,0
010,0,0,0,4,0,3,2,0,3,0,4,0,0,0,0,0
010,0,0,0,0,4,3,2,0,3,0,4,0,0,0,0,0
010,0,2,0,0,0,0,0,1,3,0,4,0,0,0,0,0
010,0,0,3,0,0,0,0,1,3,0,4,0,0,0,0,0
010,0,0,0,0,0,3,0,1,3,0,4,0,0,0,0,0
010,0,0,0,0,0,0,2,1,3,0,4,0,0,0,0,0
010,1,0,3,0,0,0,0,0,3,1,4,0,0,0,0,0
010,0,0,0,0,4,3,0,0,3,1,4,0,0,0,0,0
010,1,0,3,0,0,0,0,0,0,1,0,2,0,0,0,0
010,1,2,0,4,0,0,0,0,0,1,0,2,0,0,0,0
010,0,0,3,4,0,0,0,0,0,1,0,2,0,0,0,0
010,0,2,0,0,4,0,0,0,0,1,0,2,0,0,0,0
010,0,0,3,0,4,0,0,0,0,1,0,2,0,0,0,0
010,1,2,0,0,0,3,0,0,0,1,0,2,0,0,0,0
010,0,0,0,4,0,3,0,0,0,1,0,2,0,0,0,0
010,0,0,0,0,4,3,0,0,0,1,0,2,0,0,0,0
010,1,0,0,4,0,0,2,0,0,1,0,2,0,0,0,0
010,0,0,0,0,4,0,2,0,0,1,0,2,0,0,0,0
010,1,0,0,0,0,3,2,0,0,1,0,2,0,0,0,0
010,0,0,3,0,0,0,0,1,0,1,0,2,0,0,0,0
010,0,2,0,4,0,0,0,1,0,1,0,2,0,0,0,0
010,0,2,0,0,0,3,0,1,0,1,0,2,0,0,0,0
010,0,0,0,4,0,0,2,1,0,1,0,2,0,0,0,0
010,0,0,0,0,0,3,2,1,0,1,0,2,0,0,0,0
010,1,2,0,0,0,0,0,0,3,1,0,2,0,0,0,0
010,0,0,0,0,0,3,0,1,3,1,0,2,0,0,0,0
010,1,2,0,0,0,0,0,0,0,0,4,2,0,0,0,0
010,1,0,3,0,0,0,0,0,0,0,4,2,0,0,0,0
010,0,2,3,4,0,0,0,0,0,0,4,2,0,0,0,0
010,0,0,3,0,4,0,0,0,0,0,4,2,0,0,0,0
010,0,0,0,4,0,3,0,0,0,0,4,2,0,0,0,0
010,0,0,0,0,4,3,0,0,0,0,4,2,0,0,0,0
010,1,0,0,0,0,0,2,0,0,0,4,2,0,0,0,0
010,0,2,0,0,0,0,0,1,0,0,4,2,0,0,0,0
010,0,0,0,0,0,3,0,1,0,0,4,2,0,0,0,0
010,0,0,0,0,4,0,2,1,0,0,4,2,0,0,0,0
010,0,0,3,4,0,0,0,0,3,0,4,2,0,0,0,0
010,0,0,0,0,4,0,2,0,3,0,4,2,0,0,0,0
010,0,2,0,4,0,0,0,0,0,1,4,2,0,0,0,0
010,0,0,0,0,0,0,2,1,0,1,4,2,0,0,0,0
010,0,0,3,0,4,0,0,0,0,1,0,0,2,0,0,0
010,0,2,0,4,4,0,0,0,0,1,0,0,2,0,0,0
010,1,0,3,0,0,3,0,0,0,1,0,0,2,0,0,0
010,0,0,0,4,0,3,0,0,0,1,0,0,2,0,0,0
010,1,0,3,0,0,0,2,0,0,1,0,0,2,0,0,0
010,1,0,0,4,0,0,2,0,0,1,0,0,2,0,0,0
010,0,0,3,4,0,0,2,0,0,1,0,0,2,0,0,0
010,0,0,0,0,4,0,2,0,0,1,0,0,2,0,0,0
010,1,0,0,0,0,3,2,0,0,1,0,0,2,0,0,0
010,0,2,3,0,0,0,0,1,0,1,0,0,2,0,0,0
010,0,2,0,4,0,0,0,1,0,1,0,0,2,0,0,0
010,0,0,3,4,0,0,0,1,0,1,0,0,2,0,0,0
010,0,2,0,0,4,0,0,1,0,1,0,0,2,0,0,0
010,0,0,0,0,0,3,0,1,0,1,0,0,2,0,0,0
010,0,0,3,0,0,0,2,1,0,1,0,0,2,0,0,0
010,0,0,0,4,0,0,2,1,0,1,0,0,2,0,0,0
010,1,0,3,0,0,0,0,0,3,1,0,0,2,0,0,0
010,0,0,0,4,0,0,2,0,3,1,0,0,2,0,0,0
010,0,0,3,0,0,0,0,1,3,1,0,0,2,0,0,0
010,1,2,0,0,0,0,0,0,0,0,4,0,2,0,0,0
010,1,0,3,0,0,0,0,0,0,0,4,0,2,0,0,0
010,0,0,3,4,0,0,0,0,0,0,4,0,2,0,0,0
010,0,0,3,0,4,0,0,0,0,0,4,0,2,0,0,0
010,1,0,0,0,0,3,0,0,0,0,4,0,2,0,0,0
010,0,0,0,4,0,3,0,0,0,0,4,0,2,0,0,0
010,0,0,0,0,4,3,0,0,0,0,4,0,2,0,0,0
010,1,0,0,0,0,0,2,0,0,0,4,0,2,0,0,0
010,0,2,0,0,0,0,0,1,0,0,4,0,2,0,0,0
010,0,0,3,0,0,0,0,1,0,0,4,0,2,0,0,0
010,0,0,0,0,0,3,0,1,0,0,4,0,2,0,0,0
010,0,0,0,0,0,0,2,1,0,0,4,0,2,0,0,0
010,0,0,0,4,0,0,2,0,3,0,4,0,2,0,0,0
010,0,0,0,0,4,0,2,0,3,0,4,0,2,0,0,0
010,0,2,0,4,0,0,0,0,0,1,4,0,2,0,0,0
010,0,2,0,0,4,0,0,0,0,1,4,0,2,0,0,0
010,0,0,0,4,0,0,2,0,0,1,4,0,2,0,0,0
010,1,0,0,0,0,3,0,0,0,1,0,2,2,0,0,0
010,1,0,3,0,0,0,0,0,3,0,0,0,0,4,0,0
010,0,2,0,4,0,0,0,0,3,0,0,0,0,4,0,0
010,0,2,3,0,4,0,0,0,3,0,0,0,0,4,0,0
010,1,0,0,4,0,3,0,0,3,0,0,0,0,4,0,0
010,1,0,0,0,0,0,2,0,3,0,0,0,0,4,0,0
010,0,0,3,4,0,0,2,0,3,0,0,0,0,4,0,0
010,0,2,0,0,4,0,2,0,3,0,0,0,0,4,0,0
010,0,0,3,0,4,0,2,0,3,0,0,0,0,4,0,0
010,0,0,0,4,0,3,2,0,3,0,0,0,0,4,0,0
010,0,2,0,0,0,0,0,1,3,0,0,0,0,4,0,0
010,0,0,3,4,0,0,0,1,3,0,0,0,0,4,0,0
010,0,0,3,0,4,0,0,1,3,0,0,0,0,4,0,0
010,1,0,0,0,0,3,0,1,3,0,0,0,0,4,0,0
010,0,0,0,4,0,3,0,1,3,0,0,0,0,4,0,0
010,0,0,3,0,0,0,2,1,3,0,0,0,0,4,0,0
010,0,0,0,4,0,0,2,1,3,0,0,0,0,4,0,0
010,0,0,0,4,0,0,2,0,3,1,0,0,0,4,0,0
010,0,0,3,0,0,0,0,1,3,1,0,0,0,4,0,0
010,0,0,0,0,0,3,0,1,3,1,0,0,0,4,0,0
010,1,0,0,0,0,3,0,0,3,0,4,0,0,4,0,0
010,1,2,0,0,0,0,0,0,0,0,0,2,0,4,0,0
010,1,0,3,0,0,0,0,0,0,0,0,2,0,4,0,0
010,0,0,3,4,0,0,0,0,0,0,0,2,0,4,0,0
010,0,0,3,0,4,0,0,0,0,0,0,2,0,4,0,0
010,1,0,0,0,0,3,0,0,0,0,0,2,0,4,0,0
010,0,0,0,4,0,3,0,0,0,0,0,2,0,4,0,0
010,0,0,0,0,4,3,0,0,0,0,0,2,0,4,0,0
010,1,0,0,0,0,0,2,0,0,0,0,2,0,4,0,0
010,0,2,0,0,0,0,0,1,0,0,0,2,0,4,0,0
010,0,0,3,0,0,0,0,1,0,0,0,2,0,4,0,0
010,0,0,0,0,0,3,0,1,0,0,0,2,0,4,0,0
010,0,0,0,0,0,0,2,1,0,0,0,2,0,4,0,0
010,0,2,0,0,4,0,0,0,3,0,0,2,0,4,0,0
010,0,0,0,4,0,0,2,0,3,0,0,2,0,4,0,0
010,0,0,0,0,4,0,2,0,3,0,0,2,0,4,0,0
010,0,2,0,4,0,0,0,0,0,1,0,2,0,4,0,0
010,0,0,0,4,0,0,2,0,0,1,0,2,0,4,0,0
010,1,0,3,0,0,0,0,0,0,0,0,0,2,4,0,0
010,1,2,0,4,0,0,0,0,0,0,0,0,2,4,0,0
010,0,0,3,4,0,0,0,0,0,0,0,0,2,4,0,0
010,0,0,3,0,4,0,0,0,0,0,0,0,2,4,0,0
010,0,0,0,4,0,3,0,0,0,0,0,0,2,4,0,0
010,1,0,0,0,0,0,2,0,0,0,0,0,2,4,0,0
010,0,0,0,0,4,3,2,0,0,0,0,0,2,4,0,0
010,0,2,0,0,0,0,0,1,0,0,0,0,2,4,0,0
010,0,0,0,0,0,3,0,1,0,0,0,0,2,4,0,0
010,0,0,0,0,0,0,2,1,0,0,0,0,2,4,0,0
010,0,0,0,4,0,0,2,0,3,0,0,0,2,4,0,0
010,0,0,0,0,4,0,2,0,3,0,0,0,2,4,0,0
010,0,0,3,0,0,0,0,1,3,0,0,0,2,4,0,0
010,0,2,0,4,0,0,0,0,0,1,0,0,2,4,0,0
010,0,0,0,4,0,0,2,0,0,1,0,0,2,4,0,0
010,0,0,3,0,0,0,0,1,0,1,0,0,2,4,0,0
010,1,2,0,0,0,0,0,0,3,0,0,0,0,0,1,0
010,0,2,0,4,0,0,0,0,3,0,0,0,0,0,1,0
010,0,0,3,4,0,0,0,0,3,0,0,0,0,0,1,0
010,0,2,0,0,4,0,0,0,3,0,0,0,0,0,1,0
010,0,0,3,0,4,0,0,0,3,0,0,0,0,0,1,0
010,0,0,0,4,0,3,0,0,3,0,0,0,0,0,1,0
010,0,0,0,0,4,3,0,0,3,0,0,0,0,0,1,0
010,1,0,0,0,0,0,2,0,3,0,0,0,0,0,1,0
010,0,0,0,4,0,0,2,0,3,0,0,0,0,0,1,0
010,0,0,0,0,4,0,2,0,3,0,0,0,0,0,1,0
010,0,2,0,0,0,0,0,1,3,0,0,0,0,0,1,0
010,0,0,0,0,0,0,2,1,3,0,0,0,0,0,1,0
010,1,0,3,0,0,0,0,0,3,0,4,0,0,0,1,0
010,1,0,0,0,0,3,0,0,3,0,4,0,0,0,1,0
010,1,0,3,0,0,0,0,0,0,0,0,2,0,0,1,0
010,0,2,0,4,0,0,0,0,0,0,0,2,0,0,1,0
010,1,2,0,0,4,0,0,0,0,0,0,2,0,0,1,0
010,0,0,3,0,4,0,0,0,0,0,0,2,0,0,1,0
010,1,2,0,0,0,3,0,0,0,0,0,2,0,0,1,0
010,0,0,0,4,0,3,0,0,0,0,0,2,0,0,1,0
010,1,0,0,0,4,3,0,0,0,0,0,2,0,0,1,0
010,0,2,0,0,4,3,0,0,0,0,0,2,0,0,1,0
010,1,0,0,4,0,0,2,0,0,0,0,2,0,0,1,0
010,1,0,0,0,4,0,2,0,0,0,0,2,0,0,1,0
010,0,0,0,4,4,0,2,0,0,0,0,2,0,0,1,0
010,1,0,0,0,0,3,2,0,0,0,0,2,0,0,1,0
010,0,2,3,0,0,0,0,1,0,0,0,2,0,0,1,0
010,0,2,0,0,4,0,0,1,0,0,0,2,0,0,1,0
010,0,2,0,0,0,3,0,1,0,0,0,2,0,0,1,0
010,0,0,3,0,0,3,0,1,0,0,0,2,0,0,1,0
010,1,0,0,0,0,3,0,0,3,0,0,2,0,0,1,0
010,0,0,3,0,0,0,0,1,3,0,0,2,0,0,1,0
010,0,0,0,0,0,3,0,1,3,0,0,2,0,0,1,0
010,0,0,0,4,0,0,2,0,0,1,0,2,0,0,1,0
010,0,2,0,0,4,0,0,0,0,0,4,2,0,0,1,0
010,1,0,0,0,0,3,0,0,0,0,4,2,0,0,1,0
010,0,0,0,0,4,0,2,0,0,0,4,2,0,0,1,0
010,1,2,3,0,0,0,0,0,0,0,0,0,2,0,1,0
010,0,2,0,4,0,0,0,0,0,0,0,0,2,0,1,0
010,0,0,3,4,0,0,0,0,0,0,0,0,2,0,1,0
010,1,2,0,0,4,0,0,0,0,0,0,0,2,0,1,0
010,0,0,3,0,4,0,0,0,0,0,0,0,2,0,1,0
010,1,0,0,0,0,3,0,0,0,0,0,0,2,0,1,0
010,0,0,0,4,0,3,0,0,0,0,0,0,2,0,1,0
010,0,0,0,0,4,3,0,0,0,0,0,0,2,0,1,0
010,1,0,3,0,0,0,2,0,0,0,0,0,2,0,1,0
010,0,0,0,4,0,0,2,0,0,0,0,0,2,0,1,0
010,1,0,0,0,4,0,2,0,0,0,0,0,2,0,1,0
010,0,2,3,0,0,0,0,1,0,0,0,0,2,0,1,0
010,0,2,0,0,4,0,0,1,0,0,0,0,2,0,1,0
010,0,0,0,0,0,3,0,1,0,0,0,0,2,0,1,0
010,0,0,3,0,0,0,2,1,0,0,0,0,2,0,1,0
010,0,0,0,0,4,0,2,1,0,0,0,0,2,0,1,0
010,1,0,3,0,0,0,0,0,3,0,0,0,2,0,1,0
010,0,0,3,0,0,0,0,1,3,0,0,0,2,0,1,0
010,0,2,0,0,4,0,0,0,0,1,0,0,2,0,1,0
010,0,2,0,0,4,0,0,0,0,0,4,0,2,0,1,0
010,0,0,0,0,4,0,2,0,0,0,4,0,2,0,1,0
010,0,0,3,0,0,0,0,1,0,0,0,2,2,0,1,0
010,1,0,0,0,0,3,0,0,3,0,0,0,0,4,1,0
010,0,0,3,0,0,0,0,1,3,0,0,0,0,4,1,0
010,0,0,0,0,0,3,0,1,3,0,0,0,0,4,1,0
010,0,2,0,0,4,0,0,0,0,0,0,2,0,4,1,0
010,0,0,0,4,0,0,2,0,0,0,0,2,0,4,1,0
010,0,0,0,0,4,0,2,0,0,0,0,2,0,4,1,0
010,1,2,0,0,0,0,0,0,0,0,0,0,2,4,1,0
010,0,0,0,0,4,0,2,0,0,0,0,0,2,4,1,0
010,1,2,0,0,0,0,0,0,0,1,0,0,0,0,0,3
010,0,2,0,4,0,0,0,0,0,1,0,0,0,0,0,3
010,0,0,3,4,0,0,0,0,0,1,0,0,0,0,0,3
010,0,2,0,0,4,0,0,0,0,1,0,0,0,0,0,3
010,0,0,3,0,4,0,0,0,0,1,0,0,0,0,0,3
010,0,0,0,4,0,3,0,0,0,1,0,0,0,0,0,3
010,0,0,0,0,4,3,0,0,0,1,0,0,0,0,0,3
010,1,0,0,0,0,0,2,0,0,1,0,0,0,0,0,3
010,0,0,0,4,0,0,2,0,0,1,0,0,0,0,0,3
010,0,0,0,0,4,0,2,0,0,1,0,0,0,0,0,3
010,0,2,0,0,0,0,0,1,0,1,0,0,0,0,0,3
010,0,0,0,0,0,0,2,1,0,1,0,0,0,0,0,3
010,1,2,0,0,4,0,0,0,0,0,4,0,0,0,0,3
010,1,0,3,0,4,0,0,0,0,0,4,0,0,0,0,3
010,0,2,3,0,4,0,0,0,0,0,4,0,0,0,0,3
010,1,2,0,0,0,3,0,0,0,0,4,0,0,0,0,3
010,1,0,0,4,0,3,0,0,0,0,4,0,0,0,0,3
010,0,2,0,4,0,3,0,0,0,0,4,0,0,0,0,3
010,1,0,0,0,4,3,0,0,0,0,4,0,0,0,0,3
010,0,2,0,0,4,3,0,0,0,0,4,0,0,0,0,3
010,1,0,0,0,0,0,2,0,0,0,4,0,0,0,0,3
010,0,2,0,4,0,0,2,0,0,0,4,0,0,0,0,3
010,0,0,0,0,4,0,2,0,0,0,4,0,0,0,0,3
010,0,0,0,4,0,3,2,0,0,0,4,0,0,0,0,3
010,0,2,0,0,0,0,0,1,0,0,4,0,0,0,0,3
010,1,0,3,0,0,0,0,1,0,0,4,0,0,0,0,3
010,0,0,3,0,4,0,0,1,0,0,4,0,0,0,0,3
010,0,0,0,0,0,3,0,1,0,0,4,0,0,0,0,3
010,0,0,0,4,0,0,2,0,3,0,4,0,0,0,0,3
010,1,0,3,0,0,0,0,0,0,1,4,0,0,0,0,3
010,1,0,0,0,0,3,0,0,0,1,4,0,0,0,0,3
010,0,0,3,0,0,0,0,1,0,1,4,0,0,0,0,3
010,1,0,0,0,0,3,0,0,0,1,0,2,0,0,0,3
010,0,0,0,0,0,3,0,1,0,1,0,2,0,0,0,3
010,0,2,0,4,0,0,0,0,0,0,4,2,0,0,0,3
010,0,2,0,0,4,0,0,0,0,0,4,2,0,0,0,3
010,1,0,0,0,0,3,0,0,0,0,4,2,0,0,0,3
010,1,0,3,0,0,0,0,0,0,1,0,0,2,0,0,3
010,1,0,0,0,0,3,0,0,0,1,0,0,2,0,0,3
010,0,0,3,0,0,0,0,1,0,1,0,0,2,0,0,3
010,0,2,0,4,0,0,0,0,0,0,4,0,2,0,0,3
010,0,2,0,0,4,0,0,0,0,0,4,0,2,0,0,3
010,0,0,0,4,0,0,2,0,0,0,4,0,2,0,0,3
010,1,2,0,0,0,0,0,0,0,0,0,0,0,4,0,3
010,1,0,3,0,0,0,0,0,0,0,0,0,0,4,0,3
010,0,2,3,4,0,0,0,0,0,0,0,0,0,4,0,3
010,0,2,3,0,4,0,0,0,0,0,0,0,0,4,0,3
010,1,0,0,0,0,3,0,0,0,0,0,0,0,4,0,3
010,0,2,0,4,0,3,0,0,0,0,0,0,0,4,0,3
010,0,2,0,0,4,3,0,0,0,0,0,0,0,4,0,3
010,1,0,0,0,0,0,2,0,0,0,0,0,0,4,0,3
010,0,0,0,4,0,0,2,0,0,0,0,0,0,4,0,3
010,0,0,0,0,4,0,2,0,0,0,0,0,0,4,0,3
010,0,2,0,0,0,0,0,1,0,0,0,0,0,4,0,3
010,0,0,3,4,0,0,0,1,0,0,0,0,0,4,0,3
010,0,0,3,0,4,0,0,1,0,0,0,0,0,4,0,3
010,0,0,0,4,0,3,0,1,0,0,0,0,0,4,0,3
010,0,0,0,0,4,3,0,1,0,0,0,0,0,4,0,3
010,0,0,0,0,0,0,2,1,0,0,0,0,0,4,0,3
010,0,2,0,0,4,0,0,0,3,0,0,0,0,4,0,3
010,0,0,3,0,0,0,0,1,0,1,0,0,0,4,0,3
010,0,0,0,0,0,3,0,1,0,1,0,0,0,4,0,3
010,0,0,3,0,0,0,0,1,0,0,4,0,0,4,0,3
010,0,2,0,4,0,0,0,0,0,0,0,2,0,4,0,3
010,0,2,0,0,4,0,0,0,0,0,0,2,0,4,0,3
010,0,2,0,4,0,0,0,0,0,0,0,0,2,4,0,3
010,0,0,0,0,4,3,0,0,0,0,0,0,2,4,0,3
010,1,2,0,0,0,0,0,0,0,0,0,0,0,0,1,3
010,0,2,0,4,0,0,0,0,0,0,0,0,0,0,1,3
010,1,0,3,4,0,0,0,0,0,0,0,0,0,0,1,3
010,0,0,3,0,4,0,0,0,0,0,0,0,0,0,1,3
010,0,0,0,4,0,3,0,0,0,0,0,0,0,0,1,3
010,0,0,0,0,4,3,0,0,0,0,0,0,0,0,1,3
010,1,0,0,0,0,0,2,0,0,0,0,0,0,0,1,3
010,0,0,0,0,4,0,2,0,0,0,0,0,0,0,1,3
010,0,2,0,0,0,0,0,1,0,0,0,0,0,0,1,3
010,0,0,0,0,0,3,2,1,0,0,0,0,0,0,1,3
010,1,0,3,0,0,0,0,0,0,0,4,0,0,0,1,3
010,0,2,0,0,4,0,0,0,0,0,4,0,0,0,1,3
010,1,0,0,0,0,3,0,0,0,0,4,0,0,0,1,3
010,0,2,0,0,4,0,0,0,0,0,0,2,0,0,1,3
010,1,0,0,0,0,3,0,0,0,0,0,2,0,0,1,3
010,0,0,0,0,0,3,0,1,0,0,0,2,0,0,1,3
010,1,0,3,0,0,0,0,0,0,0,0,0,2,0,1,3
010,0,0,0,0,0,0,2,1,0,0,0,0,2,0,1,3
010,0,0,3,4,0,0,0,0,0,0,0,0,0,4,1,3
010,0,0,0,0,0,3,0,1,0,0,0,0,0,4,1,3
011,1,0,3,0,0,0,2,0,3,4,0,0,0,0,0,0
011,1,0,0,4,0,0,2,0,3,4,0,0,0,0,0,0
011,0,2,0,4,0,0,2,0,3,4,0,0,0,0,0,0
011,0,2,3,0,4,0,2,0,3,4,0,0,0,0,0,0
011,1,0,3,0,0,0,0,1,3,4,0,0,0,0,0,0
011,0,2,3,0,0,0,0,1,3,4,0,0,0,0,0,0
011,0,2,0,4,0,0,0,1,3,4,0,0,0,0,0,0
011,1,0,0,4,0,3,0,1,3,4,0,0,0,0,0,0
011,1,2,3,0,0,0,0,0,3,0,1,0,0,0,0,0
011,0,2,0,4,0,0,0,0,3,0,1,0,0,0,0,0
011,1,0,3,4,0,0,0,0,3,0,1,0,0,0,0,0
011,1,0,3,0,4,0,0,0,3,0,1,0,0,0,0,0
011,0,2,3,0,4,0,0,0,3,0,1,0,0,0,0,0
011,1,0,0,4,0,3,0,0,3,0,1,0,0,0,0,0
011,1,0,3,0,0,0,2,0,3,0,1,0,0,0,0,0
011,1,0,0,4,0,0,2,0,3,0,1,0,0,0,0,0
011,0,2,3,0,0,0,0,1,3,0,1,0,0,0,0,0
011,1,0,3,0,0,0,0,0,3,4,1,0,0,0,0,0
011,1,0,3,0,0,0,0,0,0,4,0,2,0,0,0,0
011,1,2,0,4,0,0,0,0,0,4,0,2,0,0,0,0
011,0,2,3,4,0,0,0,0,0,4,0,2,0,0,0,0
011,0,2,3,0,4,0,0,0,0,4,0,2,0,0,0,0
011,1,0,0,4,0,3,0,0,0,4,0,2,0,0,0,0
011,0,2,0,4,0,3,0,0,0,4,0,2,0,0,0,0
011,1,0,0,4,0,0,2,0,0,4,0,2,0,0,0,0
011,0,2,3,0,0,0,0,1,0,4,0,2,0,0,0,0
011,0,2,0,4,0,0,0,1,0,4,0,2,0,0,0,0
011,0,2,0,4,0,0,0,0,3,4,0,2,0,0,0,0
011,1,0,3,0,4,0,0,0,0,0,1,2,0,0,0,0
011,0,2,3,0,4,0,0,0,0,0,1,2,0,0,0,0
011,0,2,0,4,4,0,0,0,0,0,1,2,0,0,0,0
011,1,0,3,0,0,3,0,0,0,0,1,2,0,0,0,0
011,1,0,0,4,0,3,0,0,0,0,1,2,0,0,0,0
011,0,2,0,4,0,3,0,0,0,0,1,2,0,0,0,0
011,1,0,0,4,4,0,2,0,0,0,1,2,0,0,0,0
011,0,2,3,0,0,3,0,1,0,0,1,2,0,0,0,0
011,1,0,3,0,0,0,0,0,3,0,1,2,0,0,0,0
011,0,2,0,4,0,0,0,0,0,4,1,2,0,0,0,0
011,1,0,3,0,0,0,2,0,0,4,0,0,2,0,0,0
011,1,0,0,4,0,0,2,0,0,4,0,0,2,0,0,0
011,0,0,3,4,0,0,2,0,0,4,0,0,2,0,0,0
011,0,0,3,0,4,0,2,0,0,4,0,0,2,0,0,0
011,0,0,0,4,0,3,2,0,0,4,0,0,2,0,0,0
011,1,0,3,0,0,0,0,1,0,4,0,0,2,0,0,0
011,0,2,3,0,0,0,0,1,0,4,0,0,2,0,0,0
011,0,2,0,4,0,0,0,1,0,4,0,0,2,0,0,0
011,0,0,3,4,0,0,0,1,0,4,0,0,2,0,0,0
011,0,0,3,0,4,0,0,1,0,4,0,0,2,0,0,0
011,0,0,3,0,0,3,0,1,0,4,0,0,2,0,0,0
011,0,0,0,4,0,3,0,1,0,4,0,0,2,0,0,0
011,0,0,3,0,0,0,2,1,0,4,0,0,2,0,0,0
011,0,0,0,4,0,0,2,1,0,4,0,0,2,0,0,0
011,0,0,0,4,0,0,2,0,3,4,0,0,2,0,0,0
011,0,0,3,0,0,0,0,1,3,4,0,0,2,0,0,0
011,0,0,3,0,4,0,0,0,0,0,1,0,2,0,0,0
011,0,2,0,4,4,0,0,0,0,0,1,0,2,0,0,0
011,1,0,3,0,0,3,0,0,0,0,1,0,2,0,0,0
011,0,0,0,4,0,3,0,0,0,0,1,0,2,0,0,0
011,0,0,0,4,4,0,2,0,0,0,1,0,2,0,0,0
011,0,0,3,0,0,3,0,1,0,0,1,0,2,0,0,0
011,1,0,3,0,0,0,0,0,3,0,1,0,2,0,0,0
011,0,0,3,4,0,0,0,0,3,0,1,0,2,0,0,0
011,0,0,0,4,0,0,2,0,3,0,1,0,2,0,0,0
011,0,0,3,0,0,0,0,1,3,0,1,0,2,0,0,0
011,1,0,3,0,0,0,0,0,0,4,1,0,2,0,0,0
011,0,2,0,4,0,0,0,0,0,4,1,0,2,0,0,0
011,0,0,3,4,0,0,0,0,0,4,1,0,2,0,0,0
011,0,0,0,4,0,0,2,0,0,4,1,0,2,0,0,0
011,0,0,3,0,0,0,0,1,0,4,1,0,2,0,0,0
011,0,0,3,4,0,0,0,0,0,4,0,2,2,0,0,0
011,0,0,3,0,4,0,0,0,0,4,0,2,2,0,0,0
011,0,0,0,4,0,3,0,0,0,4,0,2,2,0,0,0
011,0,0,3,0,0,0,0,1,0,4,0,2,2,0,0,0
011,1,0,3,0,0,0,2,0,3,0,0,0,0,1,0,0
011,1,0,0,4,0,0,2,0,3,0,0,0,0,1,0,0
011,0,2,0,4,0,0,2,0,3,0,0,0,0,1,0,0
011,0,0,3,4,0,0,2,0,3,0,0,0,0,1,0,0
011,0,0,3,0,4,0,2,0,3,0,0,0,0,1,0,0
011,0,0,0,4,4,0,2,0,3,0,0,0,0,1,0,0
011,0,0,0,4,0,3,2,0,3,0,0,0,0,1,0,0
011,0,2,3,0,0,0,0,1,3,0,0,0,0,1,0,0
011,0,2,0,4,0,0,0,1,3,0,0,0,0,1,0,0
011,0,0,3,4,0,0,0,1,3,0,0,0,0,1,0,0
011,0,0,3,0,4,0,0,1,3,0,0,0,0,1,0,0
011,0,0,0,4,0,3,0,1,3,0,0,0,0,1,0,0
011,0,0,3,0,0,0,2,1,3,0,0,0,0,1,0,0
011,0,0,0,4,0,0,2,1,3,0,0,0,0,1,0,0
011,0,0,0,4,0,0,2,0,3,4,0,0,0,1,0,0
011,0,0,3,0,0,0,0,1,3,4,0,0,0,1,0,0
011,0,0,3,4,0,0,0,0,3,0,1,0,0,1,0,0
011,0,0,3,0,4,0,0,0,3,0,1,0,0,1,0,0
011,0,0,0,4,0,3,0,0,3,0,1,0,0,1,0,0
011,0,0,0,4,0,0,2,0,3,0,1,0,0,1,0,0
011,0,0,3,0,4,0,0,0,0,0,0,2,0,1,0,0
011,0,2,0,4,4,0,0,0,0,0,0,2,0,1,0,0
011,1,0,3,0,0,3,0,0,0,0,0,2,0,1,0,0
011,0,0,0,4,0,3,0,0,0,0,0,2,0,1,0,0
011,0,0,0,4,4,0,2,0,0,0,0,2,0,1,0,0
011,0,0,3,0,0,3,0,1,0,0,0,2,0,1,0,0
011,1,0,3,0,0,0,0,0,3,0,0,2,0,1,0,0
011,0,2,0,4,0,0,0,0,3,0,0,2,0,1,0,0
011,0,0,3,4,0,0,0,0,3,0,0,2,0,1,0,0
011,0,0,0,4,0,0,2,0,3,0,0,2,0,1,0,0
011,0,0,3,0,0,0,0,1,3,0,0,2,0,1,0,0
011,0,2,0,4,0,0,0,0,0,4,0,2,0,1,0,0
011,0,0,3,4,0,0,0,0,0,4,0,2,0,1,0,0
011,0,0,0,4,0,0,2,0,0,4,0,2,0,1,0,0
011,0,0,3,0,0,0,0,1,0,4,0,2,0,1,0,0
011,0,0,3,0,4,0,2,0,0,0,0,0,2,1,0,0
011,0,0,0,4,4,0,2,0,0,0,0,0,2,1,0,0
011,1,0,3,0,0,3,2,0,0,0,0,0,2,1,0,0
011,0,0,0,4,0,3,2,0,0,0,0,0,2,1,0,0
011,0,0,3,0,4,0,0,1,0,0,0,0,2,1,0,0
011,0,2,0,4,4,0,0,1,0,0,0,0,2,1,0,0
011,0,0,3,0,0,3,0,1,0,0,0,0,2,1,0,0
011,0,0,0,4,0,3,0,1,0,0,0,0,2,1,0,0
011,0,0,0,4,0,0,2,0,3,0,0,0,2,1,0,0
011,0,0,3,0,0,0,0,1,3,0,0,0,2,1,0,0
011,0,0,0,4,0,0,2,0,0,4,0,0,2,1,0,0
011,0,0,3,0,0,0,0,1,0,4,0,0,2,1,0,0
011,1,0,0,0,0,0,2,0,3,0,0,0,0,0,4,0
011,0,2,0,4,0,0,2,0,3,0,0,0,0,0,4,0
011,0,2,0,0,4,0,2,0,3,0,0,0,0,0,4,0
011,0,2,0,0,0,0,0,1,3,0,0,0,0,0,4,0
011,1,0,3,0,0,0,0,1,3,0,0,0,0,0,4,0
011,1,0,0,0,0,3,0,1,3,0,0,0,0,0,4,0
011,1,2,0,0,0,0,0,0,3,0,1,0,0,0,4,0
011,1,0,3,0,0,0,0,0,3,0,1,0,0,0,4,0
011,0,2,0,0,4,0,0,0,3,0,1,0,0,0,4,0
011,1,0,0,0,0,3,0,0,3,0,1,0,0,0,4,0
011,1,2,0,0,4,0,0,0,0,0,0,2,0,0,4,0
011,1,0,3,0,4,0,0,0,0,0,0,2,0,0,4,0
011,0,2,3,0,4,0,0,0,0,0,0,2,0,0,4,0
011,1,2,0,0,0,3,0,0,0,0,0,2,0,0,4,0
011,1,0,3,0,0,3,0,0,0,0,0,2,0,0,4,0
011,1,0,0,4,0,3,0,0,0,0,0,2,0,0,4,0
011,0,2,0,4,0,3,0,0,0,0,0,2,0,0,4,0
011,1,0,0,0,4,3,0,0,0,0,0,2,0,0,4,0
011,0,2,0,0,4,3,0,0,0,0,0,2,0,0,4,0
011,1,0,0,0,4,0,2,0,0,0,0,2,0,0,4,0
011,1,0,0,0,0,3,2,0,0,0,0,2,0,0,4,0
011,0,2,0,0,4,0,0,1,0,0,0,2,0,0,4,0
011,1,0,0,0,0,3,0,1,0,0,0,2,0,0,4,0
011,0,2,0,0,0,3,0,1,0,0,0,2,0,0,4,0
011,1,2,0,0,0,0,0,0,3,0,0,2,0,0,4,0
011,1,0,3,0,0,0,0,0,3,0,0,2,0,0,4,0
011,0,2,0,4,0,0,0,0,3,0,0,2,0,0,4,0
011,0,2,0,0,4,0,0,0,3,0,0,2,0,0,4,0
011,1,0,0,0,0,3,0,0,3,0,0,2,0,0,4,0
011,1,2,0,0,0,0,0,0,0,4,0,2,0,0,4,0
011,1,0,0,0,0,3,0,0,0,4,0,2,0,0,4,0
011,1,0,0,0,0,0,2,0,0,4,0,2,0,0,4,0
011,0,2,0,0,0,0,0,1,0,4,0,2,0,0,4,0
011,0,2,0,0,4,0,0,0,0,0,1,2,0,0,4,0
011,1,0,0,0,0,3,0,0,0,0,1,2,0,0,4,0
011,1,0,0,0,4,0,2,0,0,0,0,0,2,0,4,0
011,0,0,3,0,4,0,2,0,0,0,0,0,2,0,4,0
011,1,0,0,0,0,3,2,0,0,0,0,0,2,0,4,0
011,0,0,0,4,0,3,2,0,0,0,0,0,2,0,4,0
011,0,0,0,0,4,3,2,0,0,0,0,0,2,0,4,0
011,0,2,0,0,4,0,0,1,0,0,0,0,2,0,4,0
011,0,0,3,0,4,0,0,1,0,0,0,0,2,0,4,0
011,0,0,0,0,0,3,0,1,0,0,0,0,2,0,4,0
011,0,0,0,0,4,0,2,1,0,0,0,0,2,0,4,0
011,0,0,0,4,0,0,2,0,3,0,0,0,2,0,4,0
011,0,0,0,0,4,0,2,0,3,0,0,0,2,0,4,0
011,0,0,3,0,0,0,0,1,3,0,0,0,2,0,4,0
011,0,0,0,0,0,0,2,1,3,0,0,0,2,0,4,0
011,1,0,0,0,0,0,2,0,0,4,0,0,2,0,4,0
011,0,2,0,0,0,0,0,1,0,4,0,0,2,0,4,0
011,0,0,3,0,0,0,0,1,0,4,0,0,2,0,4,0
011,0,0,0,0,0,0,2,1,0,4,0,0,2,0,4,0
011,0,2,0,0,4,0,0,0,0,0,1,0,2,0,4,0
011,1,0,0,0,0,3,0,0,0,0,1,0,2,0,4,0
011,0,0,0,0,4,3,0,0,0,0,1,0,2,0,4,0
011,0,0,0,0,4,0,2,0,0,0,1,0,2,0,4,0
011,1,2,0,0,0,0,0,0,0,4,1,0,2,0,4,0
011,0,0,3,0,4,0,0,0,0,0,0,2,2,0,4,0
011,1,0,0,0,0,3,0,0,0,0,0,2,2,0,4,0
011,0,0,0,4,0,3,0,0,0,0,0,2,2,0,4,0
011,0,0,0,0,4,3,0,0,0,0,0,2,2,0,4,0
011,0,0,3,4,0,0,0,0,3,0,0,2,2,0,4,0
011,0,0,0,4,0,0,2,0,3,0,0,0,0,1,4,0
011,0,0,0,0,4,0,2,0,3,0,0,0,0,1,4,0
011,0,0,3,0,0,0,0,1,3,0,0,0,0,1,4,0
011,0,0,0,0,0,3,0,1,3,0,0,0,0,1,4,0
011,0,0,0,0,0,0,2,1,3,0,0,0,0,1,4,0
011,0,0,0,0,4,3,0,0,3,0,1,0,0,1,4,0
011,0,2,0,0,4,0,0,0,0,0,0,2,0,1,4,0
011,1,0,0,0,0,3,0,0,0,0,0,2,0,1,4,0
011,0,0,0,0,4,3,0,0,0,0,0,2,0,1,4,0
011,0,0,0,0,4,0,2,0,0,0,0,2,0,1,4,0
011,0,0,0,0,0,3,0,1,0,0,0,2,0,1,4,0
011,0,0,0,0,0,0,2,1,0,4,0,2,0,1,4,0
011,0,0,0,0,4,0,2,0,0,0,0,0,2,1,4,0
011,1,0,0,0,0,0,2,0,0,4,0,0,0,0,0,3
011,0,2,0,4,0,0,2,0,0,4,0,0,0,0,0,3
011,0,2,0,0,4,0,2,0,0,4,0,0,0,0,0,3
011,0,2,0,0,0,0,0,1,0,4,0,0,0,0,0,3
011,1,0,3,0,0,0,0,1,0,4,0,0,0,0,0,3
011,1,0,0,0,0,3,0,1,0,4,0,0,0,0,0,3
011,1,2,0,0,4,0,0,0,0,0,1,0,0,0,0,3
011,1,0,3,0,4,0,0,0,0,0,1,0,0,0,0,3
011,0,2,3,0,4,0,0,0,0,0,1,0,0,0,0,3
011,0,2,0,4,4,0,0,0,0,0,1,0,0,0,0,3
011,1,2,0,0,0,3,0,0,0,0,1,0,0,0,0,3
011,1,0,0,4,0,3,0,0,0,0,1,0,0,0,0,3
011,0,2,0,4,0,3,0,0,0,0,1,0,0,0,0,3
011,1,0,0,0,4,3,0,0,0,0,1,0,0,0,0,3
011,0,2,0,0,4,3,0,0,0,0,1,0,0,0,0,3
011,1,0,0,0,4,0,2,0,0,0,1,0,0,0,0,3
011,0,2,0,0,4,0,2,0,0,0,1,0,0,0,0,3
011,1,0,0,0,0,3,2,0,0,0,1,0,0,0,0,3
011,0,2,0,0,4,0,0,1,0,0,1,0,0,0,0,3
011,0,2,0,0,0,3,0,1,0,0,1,0,0,0,0,3
011,1,2,0,0,0,0,0,0,3,0,1,0,0,0,0,3
011,0,2,0,0,4,0,0,0,3,0,1,0,0,0,0,3
011,1,0,0,0,0,0,2,0,3,0,1,0,0,0,0,3
011,0,2,0,0,0,0,0,1,3,0,1,0,0,0,0,3
011,1,2,0,0,0,0,0,0,0,4,1,0,0,0,0,3
011,1,0,3,0,0,0,0,0,0,4,1,0,0,0,0,3
011,0,2,0,4,0,0,0,0,0,4,1,0,0,0,0,3
011,0,2,0,0,4,0,0,0,0,4,1,0,0,0,0,3
011,1,0,0,0,0,3,0,0,0,4,1,0,0,0,0,3
011,1,2,0,0,0,0,0,0,0,4,0,2,0,0,0,3
011,0,2,0,4,0,0,0,0,0,4,0,2,0,0,0,3
011,0,2,0,0,4,0,0,0,0,4,0,2,0,0,0,3
011,1,0,0,0,0,3,0,0,0,4,0,2,0,0,0,3
011,0,2,0,0,4,0,0,0,0,0,1,2,0,0,0,3
011,1,0,0,0,0,3,0,0,0,0,1,2,0,0,0,3
011,0,0,0,4,0,0,2,0,0,4,0,0,2,0,0,3
011,0,0,0,0,4,0,2,0,0,4,0,0,2,0,0,3
011,0,0,3,0,0,0,0,1,0,4,0,0,2,0,0,3
011,0,0,0,0,0,3,0,1,0,4,0,0,2,0,0,3
011,0,0,0,0,0,0,2,1,0,4,0,0,2,0,0,3
011,0,2,0,0,4,0,0,0,0,0,1,0,2,0,0,3
011,1,0,0,0,0,3,0,0,0,0,1,0,2,0,0,3
011,0,0,0,0,4,3,0,0,0,0,1,0,2,0,0,3
011,0,0,0,0,4,0,2,0,0,0,1,0,2,0,0,3
011,0,0,0,0,0,3,0,1,0,0,1,0,2,0,0,3
011,0,0,0,0,0,0,2,1,3,0,1,0,2,0,0,3
011,0,0,0,0,4,3,0,0,0,4,0,2,2,0,0,3
011,0,0,0,0,4,0,2,0,0,0,0,0,0,1,0,3
011,1,0,0,0,0,3,2,0,0,0,0,0,0,1,0,3
011,0,0,0,4,0,3,2,0,0,0,0,0,0,1,0,3
011,0,2,0,0,4,0,0,1,0,0,0,0,0,1,0,3
011,0,0,3,0,4,0,0,1,0,0,0,0,0,1,0,3
011,0,2,0,0,0,3,0,1,0,0,0,0,0,1,0,3
011,0,0,0,4,0,3,0,1,0,0,0,0,0,1,0,3
011,0,0,0,0,4,3,0,1,0,0,0,0,0,1,0,3
011,0,0,0,0,0,3,2,1,0,0,0,0,0,1,0,3
011,1,0,0,0,0,0,2,0,3,0,0,0,0,1,0,3
011,0,0,0,4,0,0,2,0,3,0,0,0,0,1,0,3
011,0,2,0,0,0,0,0,1,3,0,0,0,0,1,0,3
011,0,0,0,0,0,0,2,1,3,0,0,0,0,1,0,3
011,0,0,0,4,0,0,2,0,0,4,0,0,0,1,0,3
011,0,0,3,0,0,0,0,1,0,4,0,0,0,1,0,3
011,0,0,0,0,0,3,0,1,0,4,0,0,0,1,0,3
011,0,0,0,0,0,0,2,1,0,4,0,0,0,1,0,3
011,0,2,0,0,4,0,0,0,0,0,1,0,0,1,0,3
011,0,0,3,0,4,0,0,0,0,0,1,0,0,1,0,3
011,0,0,0,4,0,3,0,0,0,0,1,0,0,1,0,3
011,0,0,0,0,4,3,0,0,0,0,1,0,0,1,0,3
011,0,0,3,4,0,0,0,0,0,4,1,0,0,1,0,3
011,0,2,0,0,4,0,0,0,0,0,0,2,0,1,0,3
011,1,0,0,0,0,3,0,0,0,0,0,2,0,1,0,3
011,0,0,0,0,4,3,0,0,0,0,0,2,0,1,0,3
011,0,0,0,0,0,3,0,1,0,0,0,2,0,1,0,3
011,1,2,0,0,0,0,0,0,3,0,0,2,0,1,0,3
011,0,0,0,0,0,3,0,1,0,0,0,0,2,1,0,3
011,1,0,0,0,4,0,2,0,0,0,0,0,0,0,4,3
011,0,2,0,0,4,0,2,0,0,0,0,0,0,0,4,3
011,1,0,0,0,0,3,2,0,0,0,0,0,0,0,4,3
011,0,2,0,4,0,3,2,0,0,0,0,0,0,0,4,3
011,0,2,0,0,4,0,0,1,0,0,0,0,0,0,4,3
011,1,0,3,0,4,0,0,1,0,0,0,0,0,0,4,3
011,1,0,0,0,0,3,0,1,0,0,0,0,0,0,4,3
011,0,2,0,0,0,3,0,1,0,0,0,0,0,0,4,3
011,0,2,0,0,4,0,0,0,0,0,1,0,0,0,4,3
011,1,0,0,0,0,3,0,0,0,0,1,0,0,0,4,3
011,0,2,0,0,4,0,0,0,0,0,0,2,0,0,4,3
011,1,0,0,0,0,3,0,0,0,0,0,2,0,0,4,3
011,0,0,0,0,4,0,2,0,0,0,0,0,2,0,4,3
011,0,0,0,0,0,3,0,1,0,0,0,0,0,1,4,3
